site_name_id,site_name,site_area_id,site_area,date_time,day,month,year,hour,minute,enterococci_value
99550,Dromana Beach,1282.0,Dromana,03/12/2013 07:25,Tuesday,December,2013,7,25,20
99550,Dromana Beach,1282.0,Dromana,10/12/2013 08:15,Tuesday,December,2013,8,15,190
99550,Dromana Beach,1282.0,Dromana,17/12/2013 07:29,Tuesday,December,2013,7,29,74
99550,Dromana Beach,1282.0,Dromana,02/01/2014 08:05,Thursday,January,2014,8,5,74
99550,Dromana Beach,1282.0,Dromana,04/02/2014 08:30,Tuesday,February,2014,8,30,10
99550,Dromana Beach,1282.0,Dromana,11/02/2014 08:05,Tuesday,February,2014,8,5,74
99550,Dromana Beach,1282.0,Dromana,18/02/2014 07:45,Tuesday,February,2014,7,45,63
99550,Dromana Beach,1282.0,Dromana,09/12/2014 07:35,Tuesday,December,2014,7,35,10
99550,Dromana Beach,1282.0,Dromana,16/12/2014 06:55,Tuesday,December,2014,6,55,10
99550,Dromana Beach,1282.0,Dromana,29/12/2014 07:20,Monday,December,2014,7,20,10
99550,Dromana Beach,1282.0,Dromana,06/01/2015 07:30,Tuesday,January,2015,7,30,20
99550,Dromana Beach,1282.0,Dromana,13/01/2015 07:20,Tuesday,January,2015,7,20,10
99550,Dromana Beach,1282.0,Dromana,03/02/2015 07:20,Tuesday,February,2015,7,20,10
99550,Dromana Beach,1282.0,Dromana,10/02/2015 07:50,Tuesday,February,2015,7,50,10
99550,Dromana Beach,1282.0,Dromana,24/02/2015 08:00,Tuesday,February,2015,8,0,20
99550,Dromana Beach,1282.0,Dromana,01/12/2015 07:30,Tuesday,December,2015,7,30,63
99550,Dromana Beach,1282.0,Dromana,08/12/2015 07:20,Tuesday,December,2015,7,20,3100
99550,Dromana Beach,1282.0,Dromana,21/12/2015 07:45,Monday,December,2015,7,45,120
99550,Dromana Beach,1282.0,Dromana,29/12/2015 07:15,Tuesday,December,2015,7,15,30
99550,Dromana Beach,1282.0,Dromana,12/01/2016 07:40,Tuesday,January,2016,7,40,20
99550,Dromana Beach,1282.0,Dromana,19/01/2016 07:20,Tuesday,January,2016,7,20,10
99550,Dromana Beach,1282.0,Dromana,27/01/2016 07:30,Wednesday,January,2016,7,30,10
99550,Dromana Beach,1282.0,Dromana,02/02/2016 07:40,Tuesday,February,2016,7,40,1600
99550,Dromana Beach,1282.0,Dromana,16/02/2016 07:40,Tuesday,February,2016,7,40,86
99550,Dromana Beach,1282.0,Dromana,23/02/2016 08:05,Tuesday,February,2016,8,5,10
99550,Dromana Beach,1282.0,Dromana,13/12/2016 07:30,Tuesday,December,2016,7,30,10
99550,Dromana Beach,1282.0,Dromana,20/12/2016 07:45,Tuesday,December,2016,7,45,10
99550,Dromana Beach,1282.0,Dromana,03/01/2017 07:30,Tuesday,January,2017,7,30,20
99550,Dromana Beach,1282.0,Dromana,10/01/2017 07:20,Tuesday,January,2017,7,20,10
99550,Dromana Beach,1282.0,Dromana,24/01/2017 07:40,Tuesday,January,2017,7,40,74
99550,Dromana Beach,1282.0,Dromana,31/01/2017 07:20,Tuesday,January,2017,7,20,31
99550,Dromana Beach,1282.0,Dromana,07/02/2017 07:20,Tuesday,February,2017,7,20,74
99550,Dromana Beach,1282.0,Dromana,14/02/2017 07:40,Tuesday,February,2017,7,40,10
99550,Dromana Beach,1282.0,Dromana,06/12/2017 06:40,Wednesday,December,2017,6,40,10
99550,Dromana Beach,1282.0,Dromana,07/12/2017 06:45,Thursday,December,2017,6,45,86
99550,Dromana Beach,1282.0,Dromana,14/12/2017 07:15,Thursday,December,2017,7,15,10
99550,Dromana Beach,1282.0,Dromana,19/12/2017 08:10,Tuesday,December,2017,8,10,20
99550,Dromana Beach,1282.0,Dromana,20/12/2017 08:15,Wednesday,December,2017,8,15,260
99550,Dromana Beach,1282.0,Dromana,21/12/2017 06:50,Thursday,December,2017,6,50,63
99550,Dromana Beach,1282.0,Dromana,27/12/2017 08:00,Wednesday,December,2017,8,0,20
99550,Dromana Beach,1282.0,Dromana,09/01/2018 07:30,Tuesday,January,2018,7,30,20
99550,Dromana Beach,1282.0,Dromana,10/01/2018 08:55,Wednesday,January,2018,8,55,20
99550,Dromana Beach,1282.0,Dromana,16/01/2018 08:10,Tuesday,January,2018,8,10,41
99550,Dromana Beach,1282.0,Dromana,17/01/2018 07:05,Wednesday,January,2018,7,5,10
99550,Dromana Beach,1282.0,Dromana,18/01/2018 07:55,Thursday,January,2018,7,55,52
99550,Dromana Beach,1282.0,Dromana,23/01/2018 07:45,Tuesday,January,2018,7,45,400
99550,Dromana Beach,1282.0,Dromana,25/01/2018 07:45,Thursday,January,2018,7,45,85
99550,Dromana Beach,1282.0,Dromana,30/01/2018 07:45,Tuesday,January,2018,7,45,220
99550,Dromana Beach,1282.0,Dromana,31/01/2018 08:15,Wednesday,January,2018,8,15,31
99550,Dromana Beach,1282.0,Dromana,01/02/2018 07:50,Thursday,February,2018,7,50,10
99550,Dromana Beach,1282.0,Dromana,06/02/2018 07:50,Tuesday,February,2018,7,50,20
99550,Dromana Beach,1282.0,Dromana,07/02/2018 07:50,Wednesday,February,2018,7,50,63
99550,Dromana Beach,1282.0,Dromana,08/02/2018 07:35,Thursday,February,2018,7,35,52
99550,Dromana Beach,1282.0,Dromana,15/02/2018 07:30,Thursday,February,2018,7,30,260
99550,Dromana Beach,1282.0,Dromana,20/02/2018 07:48,Tuesday,February,2018,7,48,10
99550,Dromana Beach,1282.0,Dromana,21/02/2018 07:05,Wednesday,February,2018,7,5,62
99550,Dromana Beach,1282.0,Dromana,22/02/2018 07:57,Thursday,February,2018,7,57,31
99550,Dromana Beach,1282.0,Dromana,01/03/2018 07:40,Thursday,March,2018,7,40,41
99550,Dromana Beach,1282.0,Dromana,06/03/2018 08:15,Tuesday,March,2018,8,15,10
99550,Dromana Beach,1282.0,Dromana,07/03/2018 07:20,Wednesday,March,2018,7,20,10
99550,Dromana Beach,1282.0,Dromana,04/12/2018 07:45,Tuesday,December,2018,7,45,31
99550,Dromana Beach,1282.0,Dromana,18/12/2018 07:40,Tuesday,December,2018,7,40,41
99550,Dromana Beach,1282.0,Dromana,27/12/2018 07:55,Thursday,December,2018,7,55,20
99550,Dromana Beach,1282.0,Dromana,02/01/2019 07:30,Wednesday,January,2019,7,30,10
99550,Dromana Beach,1282.0,Dromana,08/01/2019 08:20,Tuesday,January,2019,8,20,52
99550,Dromana Beach,1282.0,Dromana,15/01/2019 08:00,Tuesday,January,2019,8,0,10
99550,Dromana Beach,1282.0,Dromana,22/01/2019 07:25,Tuesday,January,2019,7,25,10
99550,Dromana Beach,1282.0,Dromana,05/02/2019 07:45,Tuesday,February,2019,7,45,10
99550,Dromana Beach,1282.0,Dromana,26/02/2019 07:50,Tuesday,February,2019,7,50,10
99550,Dromana Beach,1282.0,Dromana,05/03/2019 08:10,Tuesday,March,2019,8,10,10
99550,Dromana Beach,1282.0,Dromana,10/12/2019 07:10,Tuesday,December,2019,7,10,52
99550,Dromana Beach,1282.0,Dromana,30/12/2019 07:05,Monday,December,2019,7,5,380
99550,Dromana Beach,1282.0,Dromana,31/12/2019 11:35,Tuesday,December,2019,11,35,17
99550,Dromana Beach,1282.0,Dromana,07/01/2020 07:40,Tuesday,January,2020,7,40,10
99550,Dromana Beach,1282.0,Dromana,21/01/2020 07:20,Tuesday,January,2020,7,20,110
99550,Dromana Beach,1282.0,Dromana,28/01/2020 07:25,Tuesday,January,2020,7,25,10
99550,Dromana Beach,1282.0,Dromana,04/02/2020 07:35,Tuesday,February,2020,7,35,20
99550,Dromana Beach,1282.0,Dromana,11/02/2020 07:45,Tuesday,February,2020,7,45,10
99550,Dromana Beach,1282.0,Dromana,25/02/2020 08:15,Tuesday,February,2020,8,15,20
99550,Dromana Beach,1282.0,Dromana,03/03/2020 08:12,Tuesday,March,2020,8,12,31
99550,Dromana Beach,1282.0,Dromana,01/12/2020 07:40,Tuesday,December,2020,7,40,10
99550,Dromana Beach,1282.0,Dromana,08/12/2020 07:20,Tuesday,December,2020,7,20,41
99550,Dromana Beach,1282.0,Dromana,15/12/2020 07:45,Tuesday,December,2020,7,45,30
99550,Dromana Beach,1282.0,Dromana,22/12/2020 07:35,Tuesday,December,2020,7,35,860
99550,Dromana Beach,1282.0,Dromana,05/01/2021 07:40,Tuesday,January,2021,7,40,130
99550,Dromana Beach,1282.0,Dromana,12/01/2021 07:40,Tuesday,January,2021,7,40,110
99550,Dromana Beach,1282.0,Dromana,19/01/2021 07:20,Tuesday,January,2021,7,20,10
99550,Dromana Beach,1282.0,Dromana,02/02/2021 07:35,Tuesday,February,2021,7,35,20
99550,Dromana Beach,1282.0,Dromana,23/02/2021 07:45,Tuesday,February,2021,7,45,20
99550,Dromana Beach,1282.0,Dromana,02/03/2021 07:50,Tuesday,March,2021,7,50,10
99550,Dromana Beach,1282.0,Dromana,07/12/2021 07:50,Tuesday,December,2021,7,50,63
99550,Dromana Beach,1282.0,Dromana,14/12/2021 08:01,Tuesday,December,2021,8,1,10
99550,Dromana Beach,1282.0,Dromana,21/12/2021 07:50,Tuesday,December,2021,7,50,74
99550,Dromana Beach,1282.0,Dromana,04/01/2022 08:14,Tuesday,January,2022,8,14,74
99550,Dromana Beach,1282.0,Dromana,11/01/2022 07:53,Tuesday,January,2022,7,53,10
99550,Dromana Beach,1282.0,Dromana,24/01/2022 08:13,Monday,January,2022,8,13,41
99550,Dromana Beach,1282.0,Dromana,01/02/2022 08:06,Tuesday,February,2022,8,6,10
99550,Dromana Beach,1282.0,Dromana,02/11/2022 08:21,Wednesday,November,2022,8,21,240
99550,Dromana Beach,1282.0,Dromana,15/11/2022 08:16,Tuesday,November,2022,8,16,260
99550,Dromana Beach,1282.0,Dromana,22/11/2022 08:40,Tuesday,November,2022,8,40,260
99550,Dromana Beach,1282.0,Dromana,29/11/2022 08:50,Tuesday,November,2022,8,50,52
99550,Dromana Beach,1282.0,Dromana,13/12/2022 07:52,Tuesday,December,2022,7,52,190
99550,Dromana Beach,1282.0,Dromana,28/12/2022 08:05,Wednesday,December,2022,8,5,360
99550,Dromana Beach,1282.0,Dromana,03/01/2023 07:55,Tuesday,January,2023,7,55,31
99550,Dromana Beach,1282.0,Dromana,24/01/2023 08:13,Tuesday,January,2023,8,13,10
99550,Dromana Beach,1282.0,Dromana,31/01/2023 07:50,Tuesday,January,2023,7,50,190
99550,Dromana Beach,1282.0,Dromana,05/02/2023 08:55,Sunday,February,2023,8,55,20
99550,Dromana Beach,1282.0,Dromana,07/02/2023 07:55,Tuesday,February,2023,7,55,10
99550,Dromana Beach,1282.0,Dromana,28/02/2023 08:15,Tuesday,February,2023,8,15,20
99550,Dromana Beach,1282.0,Dromana,07/03/2023 08:40,Tuesday,March,2023,8,40,270
99550,Dromana Beach,1282.0,Dromana,14/03/2023 08:45,Tuesday,March,2023,8,45,10
99550,Dromana Beach,1282.0,Dromana,28/03/2023 08:36,Tuesday,March,2023,8,36,74
99550,Dromana Beach,1282.0,Dromana,18/04/2023 08:25,Tuesday,April,2023,8,25,10
99550,Dromana Beach,1282.0,Dromana,16/05/2023 08:50,Tuesday,May,2023,8,50,150
99550,Dromana Beach,1282.0,Dromana,23/05/2023 08:50,Tuesday,May,2023,8,50,52
99550,Dromana Beach,1282.0,Dromana,20/06/2023 09:20,Tuesday,June,2023,9,20,84
99550,Dromana Beach,1282.0,Dromana,27/06/2023 09:30,Tuesday,June,2023,9,30,110
99550,Dromana Beach,1282.0,Dromana,11/07/2023 09:10,Tuesday,July,2023,9,10,61
99550,Dromana Beach,1282.0,Dromana,25/07/2023 09:55,Tuesday,July,2023,9,55,41
99550,Dromana Beach,1282.0,Dromana,22/08/2023 09:15,Tuesday,August,2023,9,15,1000
99550,Dromana Beach,1282.0,Dromana,05/09/2023 08:35,Tuesday,September,2023,8,35,41
99550,Dromana Beach,1282.0,Dromana,19/09/2023 08:00,Tuesday,September,2023,8,0,10
99550,Dromana Beach,1282.0,Dromana,02/10/2023 08:50,Monday,October,2023,8,50,3700
99550,Dromana Beach,1282.0,Dromana,31/10/2023 16:40,Tuesday,October,2023,16,40,74
99550,Dromana Beach,1282.0,Dromana,14/11/2023 07:55,Tuesday,November,2023,7,55,10
99550,Dromana Beach,1282.0,Dromana,05/12/2023 07:45,Tuesday,December,2023,7,45,10
99550,Dromana Beach,1282.0,Dromana,12/12/2023 07:45,Tuesday,December,2023,7,45,31
99550,Dromana Beach,1282.0,Dromana,19/12/2023 07:55,Tuesday,December,2023,7,55,97
99550,Dromana Beach,1282.0,Dromana,09/01/2024 08:05,Tuesday,January,2024,8,5,170
99550,Dromana Beach,1282.0,Dromana,16/01/2024 08:00,Tuesday,January,2024,8,0,110
99550,Dromana Beach,1282.0,Dromana,13/02/2024 08:25,Tuesday,February,2024,8,25,10
99550,Dromana Beach,1282.0,Dromana,02/04/2024 09:10,Tuesday,April,2024,9,10,990
99550,Dromana Beach,1282.0,Dromana,30/04/2024 09:10,Tuesday,April,2024,9,10,10
99550,Dromana Beach,1282.0,Dromana,14/05/2024 08:50,Tuesday,May,2024,8,50,310
99550,Dromana Beach,1282.0,Dromana,15/05/2024,Wednesday,May,2024,0,0,20
99550,Dromana Beach,1282.0,Dromana,28/05/2024 09:10,Tuesday,May,2024,9,10,20
99550,Dromana Beach,1282.0,Dromana,11/06/2024 09:10,Tuesday,June,2024,9,10,1300
99550,Dromana Beach,1282.0,Dromana,09/07/2024 08:50,Tuesday,July,2024,8,50,280
99550,Dromana Beach,1282.0,Dromana,23/07/2024 09:20,Tuesday,July,2024,9,20,63
99550,Dromana Beach,1282.0,Dromana,20/08/2024 08:45,Tuesday,August,2024,8,45,20
99550,Dromana Beach,1282.0,Dromana,03/09/2024 08:15,Tuesday,September,2024,8,15,490
99550,Dromana Beach,1282.0,Dromana,17/09/2024 08:00,Tuesday,September,2024,8,0,150
99550,Dromana Beach,1282.0,Dromana,1/10/2024 09:05,Tuesday,October,2024,9,5,41
99550,Dromana Beach,1282.0,Dromana,15/10/2024 08:25,Tuesday,October,2024,8,25,31
99550,Dromana Beach,1282.0,Dromana,29/10/2024 08:00,Tuesday,October,2024,8,0,10
99550,Dromana Beach,1282.0,Dromana,12/11/2024 07:50,Tuesday,November,2024,7,50,31
99550,Dromana Beach,1282.0,Dromana,26/11/2024 07:58,Tuesday,November,2024,7,58,20
99550,Dromana Beach,1282.0,Dromana,3/12/2024 07:51,Tuesday,December,2024,7,51,930
99550,Dromana Beach,1282.0,Dromana,10/12/2024 07:40,Tuesday,December,2024,7,40,3700
99550,Dromana Beach,1282.0,Dromana,17/12/2024 07:20,Tuesday,December,2024,7,20,74
99550,Dromana Beach,1282.0,Dromana,02/01/2025 08:40,Thursday,January,2025,8,40,10
99550,Dromana Beach,1282.0,Dromana,07/01/2025 07:35,Tuesday,January,2025,7,35,74
99550,Dromana Beach,1282.0,Dromana,16/01/2025 07:16,Thursday,January,2025,7,16,41
99550,Dromana Beach,1282.0,Dromana,28/01/2025 07:50,Tuesday,January,2025,7,50,10
99550,Dromana Beach,1282.0,Dromana,18/02/2025 08:50,Tuesday,February,2025,8,50,20
99550,Dromana Beach,1282.0,Dromana,04/03/2025 08:15,Tuesday,March,2025,8,15,20
99550,Dromana Beach,1282.0,Dromana,25/03/2025 09:10,Tuesday,March,2025,9,10,10
99550,Dromana Beach,1282.0,Dromana,08/04/2025 08:10,Tuesday,April,2025,8,10,230
99550,Dromana Beach,1282.0,Dromana,22/04/2025 09:00,Tuesday,April,2025,9,0,86
99550,Dromana Beach,1282.0,Dromana,06/05/2025 08:45,Tuesday,May,2025,8,45,10
99550,Dromana Beach,1282.0,Dromana,20/05/2025 08:55,Tuesday,May,2025,8,55,20
99550,Dromana Beach,1282.0,Dromana,03/06/2025 09:05,Tuesday,June,2025,9,5,51
99550,Dromana Beach,1282.0,Dromana,17/06/2025 09:35,Tuesday,June,2025,9,35,130
99710,Altona Beach,,Hobsons Bay,03/12/2013 11:05,Tuesday,December,2013,11,5,20
99710,Altona Beach,,Hobsons Bay,10/12/2013 10:05,Tuesday,December,2013,10,5,96
99710,Altona Beach,,Hobsons Bay,17/12/2013 10:29,Tuesday,December,2013,10,29,20
99710,Altona Beach,,Hobsons Bay,02/01/2014 10:12,Thursday,January,2014,10,12,31
99710,Altona Beach,,Hobsons Bay,07/01/2014 09:35,Tuesday,January,2014,9,35,20
99710,Altona Beach,,Hobsons Bay,18/02/2014 10:01,Tuesday,February,2014,10,1,10
99710,Altona Beach,,Hobsons Bay,04/03/2014 10:42,Tuesday,March,2014,10,42,10
99710,Altona Beach,,Hobsons Bay,09/12/2014 11:13,Tuesday,December,2014,11,13,10
99710,Altona Beach,,Hobsons Bay,16/12/2014 11:25,Tuesday,December,2014,11,25,98
99710,Altona Beach,,Hobsons Bay,29/12/2014 09:25,Monday,December,2014,9,25,31
99710,Altona Beach,,Hobsons Bay,27/01/2015 10:40,Tuesday,January,2015,10,40,41
99710,Altona Beach,,Hobsons Bay,24/02/2015 10:53,Tuesday,February,2015,10,53,20
99710,Altona Beach,,Hobsons Bay,03/03/2015 10:30,Tuesday,March,2015,10,30,20
99710,Altona Beach,,Hobsons Bay,01/12/2015 10:20,Tuesday,December,2015,10,20,31
99710,Altona Beach,,Hobsons Bay,08/12/2015 10:20,Tuesday,December,2015,10,20,31
99710,Altona Beach,,Hobsons Bay,21/12/2015 10:25,Monday,December,2015,10,25,74
99710,Altona Beach,,Hobsons Bay,12/01/2016 10:00,Tuesday,January,2016,10,0,31
99710,Altona Beach,,Hobsons Bay,19/01/2016 10:45,Tuesday,January,2016,10,45,51
99710,Altona Beach,,Hobsons Bay,02/02/2016 10:20,Tuesday,February,2016,10,20,10
99710,Altona Beach,,Hobsons Bay,16/02/2016 11:45,Tuesday,February,2016,11,45,98
99710,Altona Beach,,Hobsons Bay,23/02/2016 11:15,Tuesday,February,2016,11,15,10
99710,Altona Beach,,Hobsons Bay,13/12/2016 10:55,Tuesday,December,2016,10,55,10
99710,Altona Beach,,Hobsons Bay,20/12/2016 10:30,Tuesday,December,2016,10,30,30
99710,Altona Beach,,Hobsons Bay,03/01/2017 10:10,Tuesday,January,2017,10,10,41
99710,Altona Beach,,Hobsons Bay,10/01/2017 10:10,Tuesday,January,2017,10,10,20
99710,Altona Beach,,Hobsons Bay,17/01/2017 11:00,Tuesday,January,2017,11,0,10
99710,Altona Beach,,Hobsons Bay,24/01/2017 10:53,Tuesday,January,2017,10,53,130
99710,Altona Beach,,Hobsons Bay,31/01/2017 10:45,Tuesday,January,2017,10,45,41
99710,Altona Beach,,Hobsons Bay,05/12/2017 10:18,Tuesday,December,2017,10,18,85
99710,Altona Beach,,Hobsons Bay,12/12/2017 10:35,Tuesday,December,2017,10,35,10
99710,Altona Beach,,Hobsons Bay,09/01/2018 09:55,Tuesday,January,2018,9,55,74
99710,Altona Beach,,Hobsons Bay,16/01/2018 09:48,Tuesday,January,2018,9,48,41
99710,Altona Beach,,Hobsons Bay,23/01/2018 10:03,Tuesday,January,2018,10,3,20
99710,Altona Beach,,Hobsons Bay,30/01/2018 11:00,Tuesday,January,2018,11,0,860
99710,Altona Beach,,Hobsons Bay,20/02/2018 10:55,Tuesday,February,2018,10,55,10
99710,Altona Beach,,Hobsons Bay,18/12/2018 10:35,Tuesday,December,2018,10,35,52
99710,Altona Beach,,Hobsons Bay,27/12/2018 10:05,Thursday,December,2018,10,5,52
99710,Altona Beach,,Hobsons Bay,08/01/2019 09:55,Tuesday,January,2019,9,55,20
99710,Altona Beach,,Hobsons Bay,15/01/2019 10:10,Tuesday,January,2019,10,10,41
99710,Altona Beach,,Hobsons Bay,29/01/2019 10:25,Tuesday,January,2019,10,25,10
99710,Altona Beach,,Hobsons Bay,19/02/2019 11:20,Tuesday,February,2019,11,20,10
99710,Altona Beach,,Hobsons Bay,26/02/2019 11:00,Tuesday,February,2019,11,0,31
99710,Altona Beach,,Hobsons Bay,07/01/2020 10:15,Tuesday,January,2020,10,15,41
99710,Altona Beach,,Hobsons Bay,14/01/2020 10:55,Tuesday,January,2020,10,55,1200
99710,Altona Beach,,Hobsons Bay,21/01/2020 11:14,Tuesday,January,2020,11,14,97
99710,Altona Beach,,Hobsons Bay,04/02/2020 11:00,Tuesday,February,2020,11,0,41
99710,Altona Beach,,Hobsons Bay,11/02/2020 10:47,Tuesday,February,2020,10,47,10
99710,Altona Beach,,Hobsons Bay,18/02/2020 10:30,Tuesday,February,2020,10,30,2800
99710,Altona Beach,,Hobsons Bay,25/02/2020 10:25,Tuesday,February,2020,10,25,41
99710,Altona Beach,,Hobsons Bay,03/03/2020 10:57,Tuesday,March,2020,10,57,10
99710,Altona Beach,,Hobsons Bay,08/12/2020 11:40,Tuesday,December,2020,11,40,41
99710,Altona Beach,,Hobsons Bay,22/12/2020 10:05,Tuesday,December,2020,10,5,260
99710,Altona Beach,,Hobsons Bay,05/01/2021 10:10,Tuesday,January,2021,10,10,97
99710,Altona Beach,,Hobsons Bay,19/01/2021 10:10,Tuesday,January,2021,10,10,41
99710,Altona Beach,,Hobsons Bay,02/02/2021 10:47,Tuesday,February,2021,10,47,10
99710,Altona Beach,,Hobsons Bay,09/02/2021 10:30,Tuesday,February,2021,10,30,20
99710,Altona Beach,,Hobsons Bay,23/02/2021 10:25,Tuesday,February,2021,10,25,10
99710,Altona Beach,,Hobsons Bay,02/03/2021 10:40,Tuesday,March,2021,10,40,20
99710,Altona Beach,,Hobsons Bay,07/12/2021 10:15,Tuesday,December,2021,10,15,300
99710,Altona Beach,,Hobsons Bay,21/12/2021 10:25,Tuesday,December,2021,10,25,52
99710,Altona Beach,,Hobsons Bay,04/01/2022 09:50,Tuesday,January,2022,9,50,10
99710,Altona Beach,,Hobsons Bay,11/01/2022 10:40,Tuesday,January,2022,10,40,10
99710,Altona Beach,,Hobsons Bay,18/01/2022 10:10,Tuesday,January,2022,10,10,10
99710,Altona Beach,,Hobsons Bay,24/01/2022 10:30,Monday,January,2022,10,30,10
99710,Altona Beach,,Hobsons Bay,01/02/2022 10:30,Tuesday,February,2022,10,30,150
99710,Altona Beach,,Hobsons Bay,27/10/2022 10:50,Thursday,October,2022,10,50,20
99710,Altona Beach,,Hobsons Bay,02/11/2022 11:50,Wednesday,November,2022,11,50,86
99710,Altona Beach,,Hobsons Bay,15/11/2022 10:35,Tuesday,November,2022,10,35,3300
99710,Altona Beach,,Hobsons Bay,17/11/2022 12:00,Thursday,November,2022,12,0,31
99710,Altona Beach,,Hobsons Bay,22/11/2022 10:40,Tuesday,November,2022,10,40,90
99710,Altona Beach,,Hobsons Bay,29/11/2022 11:45,Tuesday,November,2022,11,45,20
99710,Altona Beach,,Hobsons Bay,06/12/2022 10:55,Tuesday,December,2022,10,55,10
99710,Altona Beach,,Hobsons Bay,13/12/2022 10:45,Tuesday,December,2022,10,45,10
99710,Altona Beach,,Hobsons Bay,28/12/2022 11:05,Wednesday,December,2022,11,5,300
99710,Altona Beach,,Hobsons Bay,29/12/2022 13:42,Thursday,December,2022,13,42,1207
99710,Altona Beach,,Hobsons Bay,30/12/2022 00:00,Friday,December,2022,0,0,2187
99710,Altona Beach,,Hobsons Bay,03/01/2023 10:26,Tuesday,January,2023,10,26,31
99710,Altona Beach,,Hobsons Bay,10/01/2023 10:15,Tuesday,January,2023,10,15,20
99710,Altona Beach,,Hobsons Bay,07/02/2023 10:42,Tuesday,February,2023,10,42,41
99710,Altona Beach,,Hobsons Bay,14/02/2023 10:50,Tuesday,February,2023,10,50,10
99710,Altona Beach,,Hobsons Bay,28/02/2023 14:15,Tuesday,February,2023,14,15,20
99710,Altona Beach,,Hobsons Bay,07/03/2023 12:13,Tuesday,March,2023,12,13,63
99710,Altona Beach,,Hobsons Bay,28/03/2023 12:58,Tuesday,March,2023,12,58,20
99710,Altona Beach,,Hobsons Bay,04/04/2023 12:00,Tuesday,April,2023,12,0,10
99710,Altona Beach,,Hobsons Bay,11/04/2023 11:35,Tuesday,April,2023,11,35,10
99710,Altona Beach,,Hobsons Bay,16/05/2023 11:40,Tuesday,May,2023,11,40,74
99710,Altona Beach,,Hobsons Bay,13/06/2023 12:15,Tuesday,June,2023,12,15,10
99710,Altona Beach,,Hobsons Bay,20/06/2023 12:20,Tuesday,June,2023,12,20,160
99710,Altona Beach,,Hobsons Bay,27/06/2023 12:05,Tuesday,June,2023,12,5,10
99710,Altona Beach,,Hobsons Bay,22/08/2023 12:25,Tuesday,August,2023,12,25,150
99710,Altona Beach,,Hobsons Bay,05/09/2023 12:00,Tuesday,September,2023,12,0,20
99710,Altona Beach,,Hobsons Bay,05/09/2023 12:10,Tuesday,September,2023,12,10,10
99710,Altona Beach,,Hobsons Bay,19/09/2023 11:00,Tuesday,September,2023,11,0,10
99710,Altona Beach,,Hobsons Bay,02/10/2023 11:35,Monday,October,2023,11,35,31
99710,Altona Beach,,Hobsons Bay,31/10/2023 21:40,Tuesday,October,2023,21,40,86
99710,Altona Beach,,Hobsons Bay,14/11/2023 11:25,Tuesday,November,2023,11,25,20
99710,Altona Beach,,Hobsons Bay,05/12/2023 10:00,Tuesday,December,2023,10,0,31
99710,Altona Beach,,Hobsons Bay,19/12/2023 10:00,Tuesday,December,2023,10,0,220
99710,Altona Beach,,Hobsons Bay,27/12/2023 09:50,Wednesday,December,2023,9,50,370
99710,Altona Beach,,Hobsons Bay,02/01/2024 09:45,Tuesday,January,2024,9,45,20
99710,Altona Beach,,Hobsons Bay,09/01/2024 10:35,Tuesday,January,2024,10,35,260
99710,Altona Beach,,Hobsons Bay,30/01/2024 10:50,Tuesday,January,2024,10,50,10
99710,Altona Beach,,Hobsons Bay,06/02/2024 10:30,Tuesday,February,2024,10,30,10
99710,Altona Beach,,Hobsons Bay,19/03/2024 11:30,Tuesday,March,2024,11,30,20
99710,Altona Beach,,Hobsons Bay,02/04/2024 12:00,Tuesday,April,2024,12,0,4600
99710,Altona Beach,,Hobsons Bay,14/05/2024 12:38,Tuesday,May,2024,12,38,10
99710,Altona Beach,,Hobsons Bay,11/06/2024 12:35,Tuesday,June,2024,12,35,10
99710,Altona Beach,,Hobsons Bay,09/07/2024 13:00,Tuesday,July,2024,13,0,31
99710,Altona Beach,,Hobsons Bay,23/07/2024 12:15,Tuesday,July,2024,12,15,10
99710,Altona Beach,,Hobsons Bay,20/08/2024 12:00,Tuesday,August,2024,12,0,10
99710,Altona Beach,,Hobsons Bay,17/09/2024 12:30,Tuesday,September,2024,12,30,10
99710,Altona Beach,,Hobsons Bay,15/10/2024 11:10,Tuesday,October,2024,11,10,20
99710,Altona Beach,,Hobsons Bay,12/11/2024 10:30,Tuesday,November,2024,10,30,10
99710,Altona Beach,,Hobsons Bay,26/11/2024 11:10,Tuesday,November,2024,11,10,52
99710,Altona Beach,,Hobsons Bay,3/12/2024 10:35,Tuesday,December,2024,10,35,74
99710,Altona Beach,,Hobsons Bay,10/12/2024 11:00,Tuesday,December,2024,11,0,31
99710,Altona Beach,,Hobsons Bay,17/12/2024 09:45,Tuesday,December,2024,9,45,74
99710,Altona Beach,,Hobsons Bay,02/01/2025 10:55,Thursday,January,2025,10,55,20
99710,Altona Beach,,Hobsons Bay,07/01/2025 10:10,Tuesday,January,2025,10,10,52
99710,Altona Beach,,Hobsons Bay,14/01/2025 10:00,Tuesday,January,2025,10,0,20
99710,Altona Beach,,Hobsons Bay,16/01/2025 09:40,Thursday,January,2025,9,40,390
99710,Altona Beach,,Hobsons Bay,17/01/2025 11:30,Friday,January,2025,11,30,10
99710,Altona Beach,,Hobsons Bay,28/01/2025 10:05,Tuesday,January,2025,10,5,31
99710,Altona Beach,,Hobsons Bay,04/02/2025 10:35,Tuesday,February,2025,10,35,20
99710,Altona Beach,,Hobsons Bay,11/02/2025 10:35,Tuesday,February,2025,10,35,31
99710,Altona Beach,,Hobsons Bay,25/03/2025 10:55,Tuesday,March,2025,10,55,10
99710,Altona Beach,,Hobsons Bay,08/04/2025 10:55,Tuesday,April,2025,10,55,10
99710,Altona Beach,,Hobsons Bay,03/06/2025 11:35,Tuesday,June,2025,11,35,10
99710,Altona Beach,,Hobsons Bay,17/06/2025 12:35,Tuesday,June,2025,12,35,41
99510,Eastern Beach,,Corio,02/01/2014 09:15,Thursday,January,2014,9,15,50
99510,Eastern Beach,,Corio,07/01/2014 09:00,Tuesday,January,2014,9,0,31
99510,Eastern Beach,,Corio,28/01/2014 09:30,Tuesday,January,2014,9,30,86
99510,Eastern Beach,,Corio,04/02/2014 09:10,Tuesday,February,2014,9,10,31
99510,Eastern Beach,,Corio,18/02/2014 09:10,Tuesday,February,2014,9,10,20
99510,Eastern Beach,,Corio,04/03/2014 09:30,Tuesday,March,2014,9,30,41
99510,Eastern Beach,,Corio,02/12/2014 08:55,Tuesday,December,2014,8,55,30
99510,Eastern Beach,,Corio,23/12/2014 08:55,Tuesday,December,2014,8,55,52
99510,Eastern Beach,,Corio,30/12/2014 08:50,Tuesday,December,2014,8,50,10
99510,Eastern Beach,,Corio,06/01/2015 09:05,Tuesday,January,2015,9,5,10
99510,Eastern Beach,,Corio,13/01/2015 09:00,Tuesday,January,2015,9,0,690
99510,Eastern Beach,,Corio,20/01/2015 08:50,Tuesday,January,2015,8,50,20
99510,Eastern Beach,,Corio,27/01/2015 09:00,Tuesday,January,2015,9,0,20
99510,Eastern Beach,,Corio,03/02/2015 09:05,Tuesday,February,2015,9,5,20
99510,Eastern Beach,,Corio,10/02/2015 09:00,Tuesday,February,2015,9,0,30
99510,Eastern Beach,,Corio,24/02/2015 09:00,Tuesday,February,2015,9,0,41
99510,Eastern Beach,,Corio,01/12/2015 10:23,Tuesday,December,2015,10,23,10
99510,Eastern Beach,,Corio,08/12/2015 09:35,Tuesday,December,2015,9,35,110
99510,Eastern Beach,,Corio,05/01/2016 08:50,Tuesday,January,2016,8,50,10
99510,Eastern Beach,,Corio,12/01/2016 09:55,Tuesday,January,2016,9,55,10
99510,Eastern Beach,,Corio,27/01/2016 09:30,Wednesday,January,2016,9,30,160
99510,Eastern Beach,,Corio,02/02/2016 09:50,Tuesday,February,2016,9,50,41
99510,Eastern Beach,,Corio,16/02/2016 08:30,Tuesday,February,2016,8,30,97
99510,Eastern Beach,,Corio,01/03/2016 09:35,Tuesday,March,2016,9,35,10
99510,Eastern Beach,,Corio,08/03/2016 10:20,Tuesday,March,2016,10,20,10
99510,Eastern Beach,,Corio,13/12/2016 09:25,Tuesday,December,2016,9,25,62
99510,Eastern Beach,,Corio,20/12/2016 09:10,Tuesday,December,2016,9,10,200
99510,Eastern Beach,,Corio,28/12/2016 09:25,Wednesday,December,2016,9,25,110
99510,Eastern Beach,,Corio,10/01/2017 09:30,Tuesday,January,2017,9,30,10
99510,Eastern Beach,,Corio,17/01/2017 09:00,Tuesday,January,2017,9,0,20
99510,Eastern Beach,,Corio,24/01/2017 10:00,Tuesday,January,2017,10,0,20
99510,Eastern Beach,,Corio,07/02/2017 09:40,Tuesday,February,2017,9,40,31
99510,Eastern Beach,,Corio,14/02/2017 09:45,Tuesday,February,2017,9,45,10
99510,Eastern Beach,,Corio,27/12/2017 07:20,Wednesday,December,2017,7,20,10
99510,Eastern Beach,,Corio,02/01/2018 10:10,Tuesday,January,2018,10,10,41
99510,Eastern Beach,,Corio,09/01/2018 09:40,Tuesday,January,2018,9,40,20
99510,Eastern Beach,,Corio,30/01/2018 06:35,Tuesday,January,2018,6,35,51
99510,Eastern Beach,,Corio,20/02/2018 09:55,Tuesday,February,2018,9,55,10
99510,Eastern Beach,,Corio,06/03/2018 09:30,Tuesday,March,2018,9,30,41
99510,Eastern Beach,,Corio,04/12/2018 10:15,Tuesday,December,2018,10,15,10
99510,Eastern Beach,,Corio,18/12/2018 09:40,Tuesday,December,2018,9,40,20
99510,Eastern Beach,,Corio,27/12/2018 12:55,Thursday,December,2018,12,55,20
99510,Eastern Beach,,Corio,08/01/2019 10:10,Tuesday,January,2019,10,10,74
99510,Eastern Beach,,Corio,15/01/2019 09:55,Tuesday,January,2019,9,55,10
99510,Eastern Beach,,Corio,22/01/2019 09:50,Tuesday,January,2019,9,50,130
99510,Eastern Beach,,Corio,29/01/2019 10:45,Tuesday,January,2019,10,45,110
99510,Eastern Beach,,Corio,05/02/2019 00:00,Tuesday,February,2019,0,0,10
99510,Eastern Beach,,Corio,12/02/2019 08:50,Tuesday,February,2019,8,50,1300
99510,Eastern Beach,,Corio,19/02/2019 10:35,Tuesday,February,2019,10,35,20
99510,Eastern Beach,,Corio,26/02/2019 10:40,Tuesday,February,2019,10,40,30
99510,Eastern Beach,,Corio,05/03/2019 10:20,Tuesday,March,2019,10,20,10
99510,Eastern Beach,,Corio,03/12/2019 09:25,Tuesday,December,2019,9,25,1400
99510,Eastern Beach,,Corio,17/12/2019 09:20,Tuesday,December,2019,9,20,31
99510,Eastern Beach,,Corio,23/12/2019 07:10,Monday,December,2019,7,10,20
99510,Eastern Beach,,Corio,02/01/2020 09:25,Thursday,January,2020,9,25,31
99510,Eastern Beach,,Corio,07/01/2020 10:40,Tuesday,January,2020,10,40,10
99510,Eastern Beach,,Corio,14/01/2020 10:20,Tuesday,January,2020,10,20,20
99510,Eastern Beach,,Corio,21/01/2020 10:30,Tuesday,January,2020,10,30,31
99510,Eastern Beach,,Corio,28/01/2020 09:00,Tuesday,January,2020,9,0,31
99510,Eastern Beach,,Corio,04/02/2020 10:30,Tuesday,February,2020,10,30,41
99510,Eastern Beach,,Corio,11/02/2020 09:40,Tuesday,February,2020,9,40,10
99510,Eastern Beach,,Corio,18/02/2020 10:00,Tuesday,February,2020,10,0,20
99510,Eastern Beach,,Corio,25/02/2020 09:55,Tuesday,February,2020,9,55,220
99510,Eastern Beach,,Corio,03/03/2020 00:00,Tuesday,March,2020,0,0,20
99510,Eastern Beach,,Corio,22/12/2020 10:00,Tuesday,December,2020,10,0,74
99510,Eastern Beach,,Corio,29/12/2020 10:00,Tuesday,December,2020,10,0,31
99510,Eastern Beach,,Corio,05/01/2021 10:30,Tuesday,January,2021,10,30,230
99510,Eastern Beach,,Corio,12/01/2021 10:30,Tuesday,January,2021,10,30,120
99510,Eastern Beach,,Corio,19/01/2021 10:26,Tuesday,January,2021,10,26,10
99510,Eastern Beach,,Corio,27/01/2021 09:50,Wednesday,January,2021,9,50,86
99510,Eastern Beach,,Corio,09/02/2021 09:25,Tuesday,February,2021,9,25,10
99510,Eastern Beach,,Corio,16/02/2021 09:40,Tuesday,February,2021,9,40,20
99510,Eastern Beach,,Corio,23/02/2021 10:00,Tuesday,February,2021,10,0,10
99510,Eastern Beach,,Corio,02/03/2021 10:20,Tuesday,March,2021,10,20,20
99510,Eastern Beach,,Corio,07/12/2021 10:35,Tuesday,December,2021,10,35,41
99510,Eastern Beach,,Corio,14/12/2021 09:10,Tuesday,December,2021,9,10,20
99510,Eastern Beach,,Corio,21/12/2021 08:20,Tuesday,December,2021,8,20,41
99510,Eastern Beach,,Corio,11/01/2022 08:50,Tuesday,January,2022,8,50,190
99510,Eastern Beach,,Corio,18/01/2022 08:40,Tuesday,January,2022,8,40,10
99510,Eastern Beach,,Corio,24/01/2022 08:40,Monday,January,2022,8,40,41
99510,Eastern Beach,,Corio,01/02/2022 09:30,Tuesday,February,2022,9,30,41
99510,Eastern Beach,,Corio,01/02/2022 09:30,Tuesday,February,2022,9,30,86
99510,Eastern Beach,,Corio,15/02/2022 08:55,Tuesday,February,2022,8,55,31
99510,Eastern Beach,,Corio,22/02/2022 08:30,Tuesday,February,2022,8,30,10
99510,Eastern Beach,,Corio,07/03/2022 08:40,Monday,March,2022,8,40,63
99510,Eastern Beach,,Corio,20/10/2022 08:45,Thursday,October,2022,8,45,10
99510,Eastern Beach,,Corio,26/10/2022 09:20,Wednesday,October,2022,9,20,10
99510,Eastern Beach,,Corio,02/11/2022 10:00,Wednesday,November,2022,10,0,85
99510,Eastern Beach,,Corio,15/11/2022 09:15,Tuesday,November,2022,9,15,150
99510,Eastern Beach,,Corio,22/11/2022 08:55,Tuesday,November,2022,8,55,150
99510,Eastern Beach,,Corio,29/11/2022 09:20,Tuesday,November,2022,9,20,74
99510,Eastern Beach,,Corio,06/12/2022 09:40,Tuesday,December,2022,9,40,130
99510,Eastern Beach,,Corio,13/12/2022 09:00,Tuesday,December,2022,9,0,450
99510,Eastern Beach,,Corio,28/12/2022 07:30,Wednesday,December,2022,7,30,820
99510,Eastern Beach,,Corio,29/12/2022 12:50,Thursday,December,2022,12,50,20
99510,Eastern Beach,,Corio,03/01/2023 07:10,Tuesday,January,2023,7,10,890
99510,Eastern Beach,,Corio,10/01/2023 08:25,Tuesday,January,2023,8,25,20
99510,Eastern Beach,,Corio,17/01/2023 08:30,Tuesday,January,2023,8,30,10
99510,Eastern Beach,,Corio,24/01/2023 12:10,Tuesday,January,2023,12,10,750
99510,Eastern Beach,,Corio,25/01/2023 12:30,Wednesday,January,2023,12,30,54
99510,Eastern Beach,,Corio,31/01/2023 08:50,Tuesday,January,2023,8,50,20
99510,Eastern Beach,,Corio,06/02/2023 07:14,Monday,February,2023,7,14,150
99510,Eastern Beach,,Corio,07/02/2023 09:20,Tuesday,February,2023,9,20,52
99510,Eastern Beach,,Corio,09/02/2023 07:25,Thursday,February,2023,7,25,20
99510,Eastern Beach,,Corio,21/02/2023 08:40,Tuesday,February,2023,8,40,41
99510,Eastern Beach,,Corio,28/02/2023 14:45,Tuesday,February,2023,14,45,62
99510,Eastern Beach,,Corio,07/03/2023 08:20,Tuesday,March,2023,8,20,600
99510,Eastern Beach,,Corio,14/03/2023 08:30,Tuesday,March,2023,8,30,31
99510,Eastern Beach,,Corio,21/03/2023 08:55,Tuesday,March,2023,8,55,31
99510,Eastern Beach,,Corio,28/03/2023 09:55,Tuesday,March,2023,9,55,20
99510,Eastern Beach,,Corio,11/04/2023 09:00,Tuesday,April,2023,9,0,20
99510,Eastern Beach,,Corio,18/04/2023 08:45,Tuesday,April,2023,8,45,710
99510,Eastern Beach,,Corio,02/05/2023 08:45,Tuesday,May,2023,8,45,250
99510,Eastern Beach,,Corio,16/05/2023 08:35,Tuesday,May,2023,8,35,160
99510,Eastern Beach,,Corio,30/05/2023 09:00,Tuesday,May,2023,9,0,110
99510,Eastern Beach,,Corio,06/06/2023 11:00,Tuesday,June,2023,11,0,41
99510,Eastern Beach,,Corio,13/06/2023 08:25,Tuesday,June,2023,8,25,20
99510,Eastern Beach,,Corio,20/06/2023 08:50,Tuesday,June,2023,8,50,85
99510,Eastern Beach,,Corio,27/06/2023 09:30,Tuesday,June,2023,9,30,31
99510,Eastern Beach,,Corio,11/07/2023 09:40,Tuesday,July,2023,9,40,10
99510,Eastern Beach,,Corio,25/07/2023 08:30,Tuesday,July,2023,8,30,74
99510,Eastern Beach,,Corio,08/08/2023 09:00,Tuesday,August,2023,9,0,10
99510,Eastern Beach,,Corio,22/08/2023 08:45,Tuesday,August,2023,8,45,10
99510,Eastern Beach,,Corio,05/09/2023 08:55,Tuesday,September,2023,8,55,74
99510,Eastern Beach,,Corio,05/09/2023 09:10,Tuesday,September,2023,9,10,130
99510,Eastern Beach,,Corio,19/09/2023 08:50,Tuesday,September,2023,8,50,10
99510,Eastern Beach,,Corio,03/10/2023 10:00,Tuesday,October,2023,10,0,3100
99510,Eastern Beach,,Corio,31/10/2023 09:30,Tuesday,October,2023,9,30,41
99510,Eastern Beach,,Corio,14/11/2023 08:35,Tuesday,November,2023,8,35,10
99510,Eastern Beach,,Corio,28/11/2023 09:00,Tuesday,November,2023,9,0,10
99510,Eastern Beach,,Corio,12/12/2023 09:45,Tuesday,December,2023,9,45,41
99510,Eastern Beach,,Corio,19/12/2023 09:20,Tuesday,December,2023,9,20,61
99510,Eastern Beach,,Corio,27/12/2023 08:10,Wednesday,December,2023,8,10,10
99510,Eastern Beach,,Corio,02/01/2024 08:05,Tuesday,January,2024,8,5,20
99510,Eastern Beach,,Corio,09/01/2024 08:50,Tuesday,January,2024,8,50,31
99510,Eastern Beach,,Corio,16/01/2024 09:10,Tuesday,January,2024,9,10,120
99510,Eastern Beach,,Corio,19/01/2024 00:00,Friday,January,2024,0,0,400
99510,Eastern Beach,,Corio,06/02/2024 09:05,Tuesday,February,2024,9,5,20
99510,Eastern Beach,,Corio,13/02/2024 09:00,Tuesday,February,2024,9,0,98
99510,Eastern Beach,,Corio,20/02/2024 09:30,Tuesday,February,2024,9,30,10
99510,Eastern Beach,,Corio,27/02/2024 09:00,Tuesday,February,2024,9,0,110
99510,Eastern Beach,,Corio,19/03/2024 08:50,Tuesday,March,2024,8,50,140
99510,Eastern Beach,,Corio,19/03/2024 08:55,Tuesday,March,2024,8,55,130
99510,Eastern Beach,,Corio,02/04/2024 09:05,Tuesday,April,2024,9,5,580
99510,Eastern Beach,,Corio,16/04/2024 10:05,Tuesday,April,2024,10,5,52
99510,Eastern Beach,,Corio,30/04/2024 08:55,Tuesday,April,2024,8,55,41
99510,Eastern Beach,,Corio,14/05/2024 08:45,Tuesday,May,2024,8,45,230
99510,Eastern Beach,,Corio,28/05/2024 08:45,Tuesday,May,2024,8,45,10
99510,Eastern Beach,,Corio,11/06/2024 09:00,Tuesday,June,2024,9,0,320
99510,Eastern Beach,,Corio,09/07/2024 09:40,Tuesday,July,2024,9,40,10
99510,Eastern Beach,,Corio,06/08/2024 08:30,Tuesday,August,2024,8,30,31
99510,Eastern Beach,,Corio,20/08/2024 09:35,Tuesday,August,2024,9,35,10
99510,Eastern Beach,,Corio,03/09/2024 09:40,Tuesday,September,2024,9,40,52
99510,Eastern Beach,,Corio,17/09/2024 09:35,Tuesday,September,2024,9,35,20
99510,Eastern Beach,,Corio,15/10/2024 09:50,Tuesday,October,2024,9,50,10
99510,Eastern Beach,,Corio,12/11/2024 09:30,Tuesday,November,2024,9,30,10
99510,Eastern Beach,,Corio,3/12/2024 08:55,Tuesday,December,2024,8,55,960
99510,Eastern Beach,,Corio,4/12/2024 11:28,Wednesday,December,2024,11,28,17
99510,Eastern Beach,,Corio,10/12/2024 09:00,Tuesday,December,2024,9,0,30
99510,Eastern Beach,,Corio,17/12/2024 10:35,Tuesday,December,2024,10,35,20
99510,Eastern Beach,,Corio,07/01/2025 09:15,Tuesday,January,2025,9,15,20
99510,Eastern Beach,,Corio,14/01/2025 09:30,Tuesday,January,2025,9,30,74
99510,Eastern Beach,,Corio,16/01/2025 09:20,Thursday,January,2025,9,20,51
99510,Eastern Beach,,Corio,21/01/2025 09:55,Tuesday,January,2025,9,55,210
99510,Eastern Beach,,Corio,22/01/2025 11:02,Wednesday,January,2025,11,2,67
99510,Eastern Beach,,Corio,28/01/2025 09:20,Tuesday,January,2025,9,20,10
99510,Eastern Beach,,Corio,04/02/2025 09:30,Tuesday,February,2025,9,30,85
99510,Eastern Beach,,Corio,18/02/2025 10:10,Tuesday,February,2025,10,10,74
99510,Eastern Beach,,Corio,04/03/2025 09:50,Tuesday,March,2025,9,50,20
99510,Eastern Beach,,Corio,11/03/2025 09:40,Tuesday,March,2025,9,40,120
99510,Eastern Beach,,Corio,25/03/2025 09:45,Tuesday,March,2025,9,45,10
99510,Eastern Beach,,Corio,08/04/2025 09:25,Tuesday,April,2025,9,25,20
99510,Eastern Beach,,Corio,22/04/2025 09:35,Tuesday,April,2025,9,35,74
99510,Eastern Beach,,Corio,06/05/2025 09:20,Tuesday,May,2025,9,20,130
99510,Eastern Beach,,Corio,20/05/2025 07:40,Tuesday,May,2025,7,40,31
99510,Eastern Beach,,Corio,03/06/2025 08:30,Tuesday,June,2025,8,30,52
99510,Eastern Beach,,Corio,17/06/2025 07:30,Tuesday,June,2025,7,30,150
99730,Werribee South Beach,,Long Reef,03/12/2013 10:40,Tuesday,December,2013,10,40,20
99730,Werribee South Beach,,Long Reef,10/12/2013 10:30,Tuesday,December,2013,10,30,31
99730,Werribee South Beach,,Long Reef,02/01/2014 10:30,Thursday,January,2014,10,30,10
99730,Werribee South Beach,,Long Reef,07/01/2014 10:15,Tuesday,January,2014,10,15,63
99730,Werribee South Beach,,Long Reef,21/01/2014 10:55,Tuesday,January,2014,10,55,130
99730,Werribee South Beach,,Long Reef,04/02/2014 10:40,Tuesday,February,2014,10,40,160
99730,Werribee South Beach,,Long Reef,11/02/2014 10:40,Tuesday,February,2014,10,40,10
99730,Werribee South Beach,,Long Reef,18/02/2014 10:45,Tuesday,February,2014,10,45,85
99730,Werribee South Beach,,Long Reef,02/12/2014 10:00,Tuesday,December,2014,10,0,20
99730,Werribee South Beach,,Long Reef,09/12/2014 10:15,Tuesday,December,2014,10,15,10
99730,Werribee South Beach,,Long Reef,16/12/2014 10:20,Tuesday,December,2014,10,20,10
99730,Werribee South Beach,,Long Reef,23/12/2014 09:50,Tuesday,December,2014,9,50,330
99730,Werribee South Beach,,Long Reef,30/12/2014 10:10,Tuesday,December,2014,10,10,590
99730,Werribee South Beach,,Long Reef,06/01/2015 10:00,Tuesday,January,2015,10,0,450
99730,Werribee South Beach,,Long Reef,20/01/2015 09:45,Tuesday,January,2015,9,45,41
99730,Werribee South Beach,,Long Reef,27/01/2015 09:55,Tuesday,January,2015,9,55,10
99730,Werribee South Beach,,Long Reef,17/02/2015 09:45,Tuesday,February,2015,9,45,41
99730,Werribee South Beach,,Long Reef,24/02/2015 10:05,Tuesday,February,2015,10,5,210
99730,Werribee South Beach,,Long Reef,03/03/2015 10:10,Tuesday,March,2015,10,10,20
99730,Werribee South Beach,,Long Reef,15/12/2015 10:40,Tuesday,December,2015,10,40,10
99730,Werribee South Beach,,Long Reef,21/12/2015 10:40,Monday,December,2015,10,40,41
99730,Werribee South Beach,,Long Reef,29/12/2015 10:40,Tuesday,December,2015,10,40,63
99730,Werribee South Beach,,Long Reef,05/01/2016 09:40,Tuesday,January,2016,9,40,63
99730,Werribee South Beach,,Long Reef,12/01/2016 11:05,Tuesday,January,2016,11,5,41
99730,Werribee South Beach,,Long Reef,19/01/2016 10:30,Tuesday,January,2016,10,30,10
99730,Werribee South Beach,,Long Reef,27/01/2016 10:30,Wednesday,January,2016,10,30,73
99730,Werribee South Beach,,Long Reef,02/02/2016 10:50,Tuesday,February,2016,10,50,1100
99730,Werribee South Beach,,Long Reef,09/02/2016 10:40,Tuesday,February,2016,10,40,10
99730,Werribee South Beach,,Long Reef,16/02/2016 09:30,Tuesday,February,2016,9,30,490
99730,Werribee South Beach,,Long Reef,23/02/2016 10:35,Tuesday,February,2016,10,35,10
99730,Werribee South Beach,,Long Reef,01/03/2016 10:30,Tuesday,March,2016,10,30,10
99730,Werribee South Beach,,Long Reef,08/03/2016 11:20,Tuesday,March,2016,11,20,31
99730,Werribee South Beach,,Long Reef,13/12/2016 10:30,Tuesday,December,2016,10,30,20
99730,Werribee South Beach,,Long Reef,20/12/2016 10:00,Tuesday,December,2016,10,0,31
99730,Werribee South Beach,,Long Reef,28/12/2016 10:15,Wednesday,December,2016,10,15,63
99730,Werribee South Beach,,Long Reef,03/01/2017 10:30,Tuesday,January,2017,10,30,310
99730,Werribee South Beach,,Long Reef,10/01/2017 10:15,Tuesday,January,2017,10,15,20
99730,Werribee South Beach,,Long Reef,24/01/2017 10:55,Tuesday,January,2017,10,55,450
99730,Werribee South Beach,,Long Reef,07/02/2017 10:35,Tuesday,February,2017,10,35,85
99730,Werribee South Beach,,Long Reef,14/02/2017 10:40,Tuesday,February,2017,10,40,1200
99730,Werribee South Beach,,Long Reef,28/02/2017 10:20,Tuesday,February,2017,10,20,120
99730,Werribee South Beach,,Long Reef,12/12/2017 10:10,Tuesday,December,2017,10,10,63
99730,Werribee South Beach,,Long Reef,19/12/2017 09:50,Tuesday,December,2017,9,50,41
99730,Werribee South Beach,,Long Reef,02/01/2018 10:50,Tuesday,January,2018,10,50,110
99730,Werribee South Beach,,Long Reef,09/01/2018 10:30,Tuesday,January,2018,10,30,20
99730,Werribee South Beach,,Long Reef,16/01/2018 11:10,Tuesday,January,2018,11,10,86
99730,Werribee South Beach,,Long Reef,23/01/2018 11:10,Tuesday,January,2018,11,10,10
99730,Werribee South Beach,,Long Reef,13/02/2018 11:15,Tuesday,February,2018,11,15,20
99730,Werribee South Beach,,Long Reef,20/02/2018 10:45,Tuesday,February,2018,10,45,160
99730,Werribee South Beach,,Long Reef,06/03/2018 10:25,Tuesday,March,2018,10,25,20
99730,Werribee South Beach,,Long Reef,04/12/2018 07:55,Tuesday,December,2018,7,55,10
99730,Werribee South Beach,,Long Reef,11/12/2018 10:30,Tuesday,December,2018,10,30,20
99730,Werribee South Beach,,Long Reef,18/12/2018 07:50,Tuesday,December,2018,7,50,130
99730,Werribee South Beach,,Long Reef,27/12/2018 08:30,Thursday,December,2018,8,30,400
99730,Werribee South Beach,,Long Reef,02/01/2019 07:55,Wednesday,January,2019,7,55,20
99730,Werribee South Beach,,Long Reef,08/01/2019 11:10,Tuesday,January,2019,11,10,52
99730,Werribee South Beach,,Long Reef,22/01/2019 07:55,Tuesday,January,2019,7,55,97
99730,Werribee South Beach,,Long Reef,12/02/2019 07:50,Tuesday,February,2019,7,50,340
99730,Werribee South Beach,,Long Reef,19/02/2019 09:30,Tuesday,February,2019,9,30,41
99730,Werribee South Beach,,Long Reef,26/02/2019 09:30,Tuesday,February,2019,9,30,10
99730,Werribee South Beach,,Long Reef,05/03/2019 11:20,Tuesday,March,2019,11,20,63
99730,Werribee South Beach,,Long Reef,03/12/2019 07:25,Tuesday,December,2019,7,25,200
99730,Werribee South Beach,,Long Reef,10/12/2019 08:10,Tuesday,December,2019,8,10,84
99730,Werribee South Beach,,Long Reef,23/12/2019 08:00,Monday,December,2019,8,0,10
99730,Werribee South Beach,,Long Reef,07/01/2020 08:00,Tuesday,January,2020,8,0,20
99730,Werribee South Beach,,Long Reef,14/01/2020 11:15,Tuesday,January,2020,11,15,20
99730,Werribee South Beach,,Long Reef,21/01/2020 08:10,Tuesday,January,2020,8,10,41
99730,Werribee South Beach,,Long Reef,28/01/2020 08:00,Tuesday,January,2020,8,0,30
99730,Werribee South Beach,,Long Reef,04/02/2020 09:30,Tuesday,February,2020,9,30,41
99730,Werribee South Beach,,Long Reef,11/02/2020 07:50,Tuesday,February,2020,7,50,98
99730,Werribee South Beach,,Long Reef,18/02/2020 08:30,Tuesday,February,2020,8,30,20
99730,Werribee South Beach,,Long Reef,25/02/2020 08:00,Tuesday,February,2020,8,0,210
99730,Werribee South Beach,,Long Reef,03/03/2020 00:00,Tuesday,March,2020,0,0,20
99730,Werribee South Beach,,Long Reef,01/12/2020 09:35,Tuesday,December,2020,9,35,10
99730,Werribee South Beach,,Long Reef,15/12/2020 08:45,Tuesday,December,2020,8,45,52
99730,Werribee South Beach,,Long Reef,22/12/2020 09:05,Tuesday,December,2020,9,5,320
99730,Werribee South Beach,,Long Reef,29/12/2020 08:35,Tuesday,December,2020,8,35,10
99730,Werribee South Beach,,Long Reef,05/01/2021 09:30,Tuesday,January,2021,9,30,430
99730,Werribee South Beach,,Long Reef,12/01/2021 09:05,Tuesday,January,2021,9,5,52
99730,Werribee South Beach,,Long Reef,19/01/2021 11:30,Tuesday,January,2021,11,30,10
99730,Werribee South Beach,,Long Reef,27/01/2021 07:50,Wednesday,January,2021,7,50,10
99730,Werribee South Beach,,Long Reef,02/02/2021 09:20,Tuesday,February,2021,9,20,85
99730,Werribee South Beach,,Long Reef,09/02/2021 07:55,Tuesday,February,2021,7,55,10
99730,Werribee South Beach,,Long Reef,16/02/2021 08:50,Tuesday,February,2021,8,50,31
99730,Werribee South Beach,,Long Reef,23/02/2021 09:00,Tuesday,February,2021,9,0,63
99730,Werribee South Beach,,Long Reef,02/03/2021 09:20,Tuesday,March,2021,9,20,41
99730,Werribee South Beach,,Long Reef,07/12/2021 11:30,Tuesday,December,2021,11,30,10
99730,Werribee South Beach,,Long Reef,14/12/2021 08:20,Tuesday,December,2021,8,20,10
99730,Werribee South Beach,,Long Reef,29/12/2021 10:10,Wednesday,December,2021,10,10,10
99730,Werribee South Beach,,Long Reef,04/01/2022 10:35,Tuesday,January,2022,10,35,10
99730,Werribee South Beach,,Long Reef,11/01/2022 08:00,Tuesday,January,2022,8,0,97
99730,Werribee South Beach,,Long Reef,18/01/2022 07:45,Tuesday,January,2022,7,45,240
99730,Werribee South Beach,,Long Reef,24/01/2022 07:55,Monday,January,2022,7,55,220
99730,Werribee South Beach,,Long Reef,01/02/2022 07:50,Tuesday,February,2022,7,50,500
99730,Werribee South Beach,,Long Reef,08/02/2022 10:05,Tuesday,February,2022,10,5,10
99730,Werribee South Beach,,Long Reef,15/02/2022 08:00,Tuesday,February,2022,8,0,31
99730,Werribee South Beach,,Long Reef,22/02/2022 07:40,Tuesday,February,2022,7,40,41
99730,Werribee South Beach,,Long Reef,01/03/2022 10:30,Tuesday,March,2022,10,30,41
99730,Werribee South Beach,,Long Reef,07/03/2022 07:40,Monday,March,2022,7,40,300
99730,Werribee South Beach,,Long Reef,20/10/2022 08:00,Thursday,October,2022,8,0,41
99730,Werribee South Beach,,Long Reef,26/10/2022 08:20,Wednesday,October,2022,8,20,1200
99730,Werribee South Beach,,Long Reef,02/11/2022 08:40,Wednesday,November,2022,8,40,280
99730,Werribee South Beach,,Long Reef,03/11/2022 10:20,Thursday,November,2022,10,20,86
99730,Werribee South Beach,,Long Reef,15/11/2022 10:15,Tuesday,November,2022,10,15,6900
99730,Werribee South Beach,,Long Reef,17/11/2022 06:50,Thursday,November,2022,6,50,420
99730,Werribee South Beach,,Long Reef,22/11/2022 07:20,Tuesday,November,2022,7,20,350
99730,Werribee South Beach,,Long Reef,24/11/2022 11:03,Thursday,November,2022,11,3,233
99730,Werribee South Beach,,Long Reef,29/11/2022 07:50,Tuesday,November,2022,7,50,63
99730,Werribee South Beach,,Long Reef,06/12/2022 09:00,Tuesday,December,2022,9,0,52
99730,Werribee South Beach,,Long Reef,13/12/2022 08:00,Tuesday,December,2022,8,0,20
99730,Werribee South Beach,,Long Reef,20/12/2022 07:50,Tuesday,December,2022,7,50,10
99730,Werribee South Beach,,Long Reef,28/12/2022 06:40,Wednesday,December,2022,6,40,250
99730,Werribee South Beach,,Long Reef,29/12/2022 12:10,Thursday,December,2022,12,10,30
99730,Werribee South Beach,,Long Reef,03/01/2023 06:30,Tuesday,January,2023,6,30,41
99730,Werribee South Beach,,Long Reef,10/01/2023 07:30,Tuesday,January,2023,7,30,20
99730,Werribee South Beach,,Long Reef,17/01/2023 07:30,Tuesday,January,2023,7,30,73
99730,Werribee South Beach,,Long Reef,24/01/2023 13:15,Tuesday,January,2023,13,15,31
99730,Werribee South Beach,,Long Reef,21/03/2023 06:30,Tuesday,March,2023,6,30,31
99730,Werribee South Beach,,Long Reef,28/03/2023 08:00,Tuesday,March,2023,8,0,20
99730,Werribee South Beach,,Long Reef,11/04/2023 08:00,Tuesday,April,2023,8,0,10
99730,Werribee South Beach,,Long Reef,18/04/2023 07:50,Tuesday,April,2023,7,50,10
99730,Werribee South Beach,,Long Reef,26/04/2023 07:45,Wednesday,April,2023,7,45,10
99730,Werribee South Beach,,Long Reef,02/05/2023 08:00,Tuesday,May,2023,8,0,10
99730,Werribee South Beach,,Long Reef,16/05/2023 07:35,Tuesday,May,2023,7,35,31
99730,Werribee South Beach,,Long Reef,23/05/2023 08:30,Tuesday,May,2023,8,30,20
99730,Werribee South Beach,,Long Reef,30/05/2023 08:00,Tuesday,May,2023,8,0,63
99730,Werribee South Beach,,Long Reef,13/06/2023 07:25,Tuesday,June,2023,7,25,51
99730,Werribee South Beach,,Long Reef,20/06/2023 07:50,Tuesday,June,2023,7,50,110
99730,Werribee South Beach,,Long Reef,27/06/2023 08:25,Tuesday,June,2023,8,25,20
99730,Werribee South Beach,,Long Reef,11/07/2023 10:30,Tuesday,July,2023,10,30,10
99730,Werribee South Beach,,Long Reef,25/07/2023 07:30,Tuesday,July,2023,7,30,10
99730,Werribee South Beach,,Long Reef,19/09/2023 07:45,Tuesday,September,2023,7,45,10
99730,Werribee South Beach,,Long Reef,03/10/2023 09:00,Tuesday,October,2023,9,0,20
99730,Werribee South Beach,,Long Reef,17/10/2023 08:00,Tuesday,October,2023,8,0,20
99730,Werribee South Beach,,Long Reef,14/11/2023 07:15,Tuesday,November,2023,7,15,10
99730,Werribee South Beach,,Long Reef,28/11/2023 08:00,Tuesday,November,2023,8,0,20
99730,Werribee South Beach,,Long Reef,12/12/2023 08:45,Tuesday,December,2023,8,45,680
99730,Werribee South Beach,,Long Reef,19/12/2023 07:50,Tuesday,December,2023,7,50,150
99730,Werribee South Beach,,Long Reef,27/12/2023 07:20,Wednesday,December,2023,7,20,500
99730,Werribee South Beach,,Long Reef,02/01/2024 07:10,Tuesday,January,2024,7,10,51
99730,Werribee South Beach,,Long Reef,09/01/2024 07:40,Tuesday,January,2024,7,40,630
99730,Werribee South Beach,,Long Reef,16/01/2024 08:10,Tuesday,January,2024,8,10,41
99730,Werribee South Beach,,Long Reef,23/01/2024 07:30,Tuesday,January,2024,7,30,41
99730,Werribee South Beach,,Long Reef,06/02/2024 08:00,Tuesday,February,2024,8,0,20
99730,Werribee South Beach,,Long Reef,13/02/2024 08:00,Tuesday,February,2024,8,0,74
99730,Werribee South Beach,,Long Reef,20/02/2024 08:25,Tuesday,February,2024,8,25,10
99730,Werribee South Beach,,Long Reef,05/03/2024 07:30,Tuesday,March,2024,7,30,10
99730,Werribee South Beach,,Long Reef,19/03/2024 07:50,Tuesday,March,2024,7,50,52
99730,Werribee South Beach,,Long Reef,19/03/2024 07:55,Tuesday,March,2024,7,55,41
99730,Werribee South Beach,,Long Reef,02/04/2024 08:00,Tuesday,April,2024,8,0,1900
99730,Werribee South Beach,,Long Reef,16/04/2024 09:05,Tuesday,April,2024,9,5,10
99730,Werribee South Beach,,Long Reef,28/05/2024 07:45,Tuesday,May,2024,7,45,31
99730,Werribee South Beach,,Long Reef,11/06/2024 10:00,Tuesday,June,2024,10,0,20
99730,Werribee South Beach,,Long Reef,09/07/2024 08:00,Tuesday,July,2024,8,0,31
99730,Werribee South Beach,,Long Reef,03/09/2024 08:40,Tuesday,September,2024,8,40,10
99730,Werribee South Beach,,Long Reef,1/10/2024 07:45,Tuesday,October,2024,7,45,10
99730,Werribee South Beach,,Long Reef,15/10/2024 10:45,Tuesday,October,2024,10,45,10
99730,Werribee South Beach,,Long Reef,26/11/2024 07:55,Tuesday,November,2024,7,55,20
99730,Werribee South Beach,,Long Reef,3/12/2024 08:00,Tuesday,December,2024,8,0,52
99730,Werribee South Beach,,Long Reef,17/12/2024 11:35,Tuesday,December,2024,11,35,10
99730,Werribee South Beach,,Long Reef,02/01/2025 08:15,Thursday,January,2025,8,15,31
99730,Werribee South Beach,,Long Reef,07/01/2025 08:25,Tuesday,January,2025,8,25,52
99730,Werribee South Beach,,Long Reef,14/01/2025 08:20,Tuesday,January,2025,8,20,41
99730,Werribee South Beach,,Long Reef,16/01/2025 08:25,Thursday,January,2025,8,25,31
99730,Werribee South Beach,,Long Reef,04/02/2025 08:30,Tuesday,February,2025,8,30,98
99730,Werribee South Beach,,Long Reef,11/02/2025 08:30,Tuesday,February,2025,8,30,20
99730,Werribee South Beach,,Long Reef,25/02/2025 08:45,Tuesday,February,2025,8,45,31
99730,Werribee South Beach,,Long Reef,11/03/2025 08:45,Tuesday,March,2025,8,45,31
99730,Werribee South Beach,,Long Reef,22/04/2025 08:40,Tuesday,April,2025,8,40,41
99730,Werribee South Beach,,Long Reef,17/06/2025 06:30,Tuesday,June,2025,6,30,41
99995,Carrum Beach,,Patterson River,09/12/2014 11:00,Tuesday,December,2014,11,0,74
99995,Carrum Beach,,Patterson River,16/12/2014 09:15,Tuesday,December,2014,9,15,10
99995,Carrum Beach,,Patterson River,29/12/2014 09:50,Monday,December,2014,9,50,10
99995,Carrum Beach,,Patterson River,13/01/2015 09:35,Tuesday,January,2015,9,35,52
99995,Carrum Beach,,Patterson River,20/01/2015 10:00,Tuesday,January,2015,10,0,20
99995,Carrum Beach,,Patterson River,17/02/2015 10:35,Tuesday,February,2015,10,35,31
99995,Carrum Beach,,Patterson River,15/12/2015 10:05,Tuesday,December,2015,10,5,10
99995,Carrum Beach,,Patterson River,21/12/2015 09:55,Monday,December,2015,9,55,10
99995,Carrum Beach,,Patterson River,12/01/2016 10:05,Tuesday,January,2016,10,5,52
99995,Carrum Beach,,Patterson River,27/01/2016 10:00,Wednesday,January,2016,10,0,10
99995,Carrum Beach,,Patterson River,02/02/2016 10:55,Tuesday,February,2016,10,55,52
99995,Carrum Beach,,Patterson River,16/02/2016 10:30,Tuesday,February,2016,10,30,460
99995,Carrum Beach,,Patterson River,01/03/2016 10:25,Tuesday,March,2016,10,25,20
99995,Carrum Beach,,Patterson River,13/12/2016 10:40,Tuesday,December,2016,10,40,150
99995,Carrum Beach,,Patterson River,20/12/2016 10:30,Tuesday,December,2016,10,30,52
99995,Carrum Beach,,Patterson River,03/01/2017 10:00,Tuesday,January,2017,10,0,20
99995,Carrum Beach,,Patterson River,17/01/2017 10:30,Tuesday,January,2017,10,30,20
99995,Carrum Beach,,Patterson River,24/01/2017 10:30,Tuesday,January,2017,10,30,31
99995,Carrum Beach,,Patterson River,31/01/2017 09:50,Tuesday,January,2017,9,50,52
99995,Carrum Beach,,Patterson River,07/02/2017 09:35,Tuesday,February,2017,9,35,62
99995,Carrum Beach,,Patterson River,14/02/2017 10:25,Tuesday,February,2017,10,25,10
99995,Carrum Beach,,Patterson River,21/02/2017 10:00,Tuesday,February,2017,10,0,1400
99995,Carrum Beach,,Patterson River,12/12/2017 10:15,Tuesday,December,2017,10,15,20
99995,Carrum Beach,,Patterson River,19/12/2017 11:05,Tuesday,December,2017,11,5,10
99995,Carrum Beach,,Patterson River,09/01/2018 10:10,Tuesday,January,2018,10,10,97
99995,Carrum Beach,,Patterson River,23/01/2018 10:45,Tuesday,January,2018,10,45,20
99995,Carrum Beach,,Patterson River,30/01/2018 10:35,Tuesday,January,2018,10,35,190
99995,Carrum Beach,,Patterson River,04/12/2018 10:45,Tuesday,December,2018,10,45,170
99995,Carrum Beach,,Patterson River,18/12/2018 10:40,Tuesday,December,2018,10,40,20
99995,Carrum Beach,,Patterson River,02/01/2019 10:00,Wednesday,January,2019,10,0,20
99995,Carrum Beach,,Patterson River,15/01/2019 10:45,Tuesday,January,2019,10,45,20
99995,Carrum Beach,,Patterson River,12/02/2019 10:30,Tuesday,February,2019,10,30,86
99995,Carrum Beach,,Patterson River,19/02/2019 09:50,Tuesday,February,2019,9,50,20
99995,Carrum Beach,,Patterson River,26/02/2019 10:15,Tuesday,February,2019,10,15,10
99995,Carrum Beach,,Patterson River,10/12/2019 09:35,Tuesday,December,2019,9,35,10
99995,Carrum Beach,,Patterson River,30/12/2019 09:45,Monday,December,2019,9,45,310
99995,Carrum Beach,,Patterson River,07/01/2020 10:45,Tuesday,January,2020,10,45,10
99995,Carrum Beach,,Patterson River,21/01/2020 10:00,Tuesday,January,2020,10,0,52
99995,Carrum Beach,,Patterson River,28/01/2020 10:10,Tuesday,January,2020,10,10,20
99995,Carrum Beach,,Patterson River,25/02/2020 11:00,Tuesday,February,2020,11,0,20
99995,Carrum Beach,,Patterson River,03/03/2020 11:26,Tuesday,March,2020,11,26,31
99995,Carrum Beach,,Patterson River,08/12/2020 10:40,Tuesday,December,2020,10,40,160
99995,Carrum Beach,,Patterson River,22/12/2020 10:40,Tuesday,December,2020,10,40,190
99995,Carrum Beach,,Patterson River,12/01/2021 11:02,Tuesday,January,2021,11,2,10
99995,Carrum Beach,,Patterson River,19/01/2021 09:55,Tuesday,January,2021,9,55,10
99995,Carrum Beach,,Patterson River,02/02/2021 10:25,Tuesday,February,2021,10,25,20
99995,Carrum Beach,,Patterson River,02/03/2021 10:35,Tuesday,March,2021,10,35,10
99995,Carrum Beach,,Patterson River,07/12/2021 10:37,Tuesday,December,2021,10,37,10
99995,Carrum Beach,,Patterson River,14/12/2021 10:55,Tuesday,December,2021,10,55,210
99995,Carrum Beach,,Patterson River,21/12/2021 10:20,Tuesday,December,2021,10,20,20
99995,Carrum Beach,,Patterson River,29/12/2021 10:32,Wednesday,December,2021,10,32,10
99995,Carrum Beach,,Patterson River,04/01/2022 10:42,Tuesday,January,2022,10,42,41
99995,Carrum Beach,,Patterson River,11/01/2022 10:24,Tuesday,January,2022,10,24,31
99995,Carrum Beach,,Patterson River,18/01/2022 10:26,Tuesday,January,2022,10,26,10
99995,Carrum Beach,,Patterson River,24/01/2022 10:33,Monday,January,2022,10,33,110
99995,Carrum Beach,,Patterson River,01/02/2022 10:16,Tuesday,February,2022,10,16,41
99995,Carrum Beach,,Patterson River,08/02/2022 10:20,Tuesday,February,2022,10,20,20
99995,Carrum Beach,,Patterson River,08/03/2022 11:29,Tuesday,March,2022,11,29,10
99995,Carrum Beach,,Patterson River,26/10/2022 10:45,Wednesday,October,2022,10,45,210
99995,Carrum Beach,,Patterson River,02/11/2022 10:36,Wednesday,November,2022,10,36,680
99995,Carrum Beach,,Patterson River,03/11/2022 13:55,Thursday,November,2022,13,55,320
99995,Carrum Beach,,Patterson River,07/11/2022 11:25,Monday,November,2022,11,25,53
99995,Carrum Beach,,Patterson River,08/11/2022 10:40,Tuesday,November,2022,10,40,20
99995,Carrum Beach,,Patterson River,15/11/2022 10:33,Tuesday,November,2022,10,33,460
99995,Carrum Beach,,Patterson River,22/11/2022 10:55,Tuesday,November,2022,10,55,250
99995,Carrum Beach,,Patterson River,24/11/2022 13:25,Thursday,November,2022,13,25,63
99995,Carrum Beach,,Patterson River,29/11/2022 11:50,Tuesday,November,2022,11,50,41
99995,Carrum Beach,,Patterson River,01/12/2022 13:25,Thursday,December,2022,13,25,170
99995,Carrum Beach,,Patterson River,13/12/2022 10:26,Tuesday,December,2022,10,26,470
99995,Carrum Beach,,Patterson River,20/12/2022 11:55,Tuesday,December,2022,11,55,98
99995,Carrum Beach,,Patterson River,28/12/2022 11:00,Wednesday,December,2022,11,0,31
99995,Carrum Beach,,Patterson River,03/01/2023 10:30,Tuesday,January,2023,10,30,10
99995,Carrum Beach,,Patterson River,17/01/2023 10:33,Tuesday,January,2023,10,33,52
99995,Carrum Beach,,Patterson River,24/01/2023 10:41,Tuesday,January,2023,10,41,20
99995,Carrum Beach,,Patterson River,31/01/2023 10:25,Tuesday,January,2023,10,25,41
99995,Carrum Beach,,Patterson River,05/02/2023 11:35,Sunday,February,2023,11,35,10
99995,Carrum Beach,,Patterson River,07/02/2023 10:20,Tuesday,February,2023,10,20,10
99995,Carrum Beach,,Patterson River,07/03/2023 11:35,Tuesday,March,2023,11,35,98
99995,Carrum Beach,,Patterson River,28/03/2023 11:06,Tuesday,March,2023,11,6,340
99995,Carrum Beach,,Patterson River,11/04/2023 10:55,Tuesday,April,2023,10,55,74
99995,Carrum Beach,,Patterson River,18/04/2023 11:00,Tuesday,April,2023,11,0,230
99995,Carrum Beach,,Patterson River,26/04/2023 11:00,Wednesday,April,2023,11,0,10
99995,Carrum Beach,,Patterson River,16/05/2023 12:00,Tuesday,May,2023,12,0,10
99995,Carrum Beach,,Patterson River,23/05/2023 11:25,Tuesday,May,2023,11,25,140
99995,Carrum Beach,,Patterson River,05/06/2023 12:05,Monday,June,2023,12,5,20
99995,Carrum Beach,,Patterson River,13/06/2023 11:40,Tuesday,June,2023,11,40,31
99995,Carrum Beach,,Patterson River,20/06/2023 12:10,Tuesday,June,2023,12,10,960
99995,Carrum Beach,,Patterson River,27/06/2023 12:20,Tuesday,June,2023,12,20,190
99995,Carrum Beach,,Patterson River,11/07/2023 12:25,Tuesday,July,2023,12,25,10
99995,Carrum Beach,,Patterson River,08/08/2023 11:45,Tuesday,August,2023,11,45,220
99995,Carrum Beach,,Patterson River,09/08/2023 11:35,Wednesday,August,2023,11,35,577
99995,Carrum Beach,,Patterson River,11/08/2023 08:00,Friday,August,2023,8,0,148
99995,Carrum Beach,,Patterson River,05/09/2023 10:45,Tuesday,September,2023,10,45,360
99995,Carrum Beach,,Patterson River,05/09/2023 11:00,Tuesday,September,2023,11,0,41
99995,Carrum Beach,,Patterson River,02/10/2023 11:35,Monday,October,2023,11,35,98
99995,Carrum Beach,,Patterson River,17/10/2023 11:55,Tuesday,October,2023,11,55,200
99995,Carrum Beach,,Patterson River,31/10/2023 22:22,Tuesday,October,2023,22,22,63
99995,Carrum Beach,,Patterson River,28/11/2023 10:35,Tuesday,November,2023,10,35,86
99995,Carrum Beach,,Patterson River,05/12/2023 10:30,Tuesday,December,2023,10,30,110
99995,Carrum Beach,,Patterson River,12/12/2023 10:30,Tuesday,December,2023,10,30,5800
99995,Carrum Beach,,Patterson River,13/12/2023 07:55,Wednesday,December,2023,7,55,2067
99995,Carrum Beach,,Patterson River,14/12/2023 14:55,Thursday,December,2023,14,55,31
99995,Carrum Beach,,Patterson River,19/12/2023 10:25,Tuesday,December,2023,10,25,20
99995,Carrum Beach,,Patterson River,27/12/2023 10:45,Wednesday,December,2023,10,45,620
99995,Carrum Beach,,Patterson River,02/01/2024 10:25,Tuesday,January,2024,10,25,20
99995,Carrum Beach,,Patterson River,09/01/2024 11:00,Tuesday,January,2024,11,0,4900
99995,Carrum Beach,,Patterson River,10/01/2024 12:25,Wednesday,January,2024,12,25,300
99995,Carrum Beach,,Patterson River,11/01/2024 12:19,Thursday,January,2024,12,19,142
99995,Carrum Beach,,Patterson River,19/01/2024 00:00,Friday,January,2024,0,0,200
99995,Carrum Beach,,Patterson River,23/01/2024 11:00,Tuesday,January,2024,11,0,190
99995,Carrum Beach,,Patterson River,30/01/2024 11:15,Tuesday,January,2024,11,15,10
99995,Carrum Beach,,Patterson River,13/02/2024 11:15,Tuesday,February,2024,11,15,41
99995,Carrum Beach,,Patterson River,19/03/2024 11:19,Tuesday,March,2024,11,19,52
99995,Carrum Beach,,Patterson River,02/04/2024 12:00,Tuesday,April,2024,12,0,9200
99995,Carrum Beach,,Patterson River,02/04/2024 12:00,Tuesday,April,2024,12,0,10000
99995,Carrum Beach,,Patterson River,02/04/2024 12:00,Tuesday,April,2024,12,0,8200
99995,Carrum Beach,,Patterson River,30/04/2024 12:05,Tuesday,April,2024,12,5,200
99995,Carrum Beach,,Patterson River,14/05/2024 11:45,Tuesday,May,2024,11,45,41
99995,Carrum Beach,,Patterson River,28/05/2024 12:10,Tuesday,May,2024,12,10,10
99995,Carrum Beach,,Patterson River,11/06/2024 11:55,Tuesday,June,2024,11,55,63
99995,Carrum Beach,,Patterson River,09/07/2024 11:20,Tuesday,July,2024,11,20,31
99995,Carrum Beach,,Patterson River,23/07/2024 12:35,Tuesday,July,2024,12,35,120
99995,Carrum Beach,,Patterson River,20/08/2024 11:45,Tuesday,August,2024,11,45,1700
99995,Carrum Beach,,Patterson River,03/09/2024 11:10,Tuesday,September,2024,11,10,170
99995,Carrum Beach,,Patterson River,17/09/2024 10:35,Tuesday,September,2024,10,35,20
99995,Carrum Beach,,Patterson River,1/10/2024 11:53,Tuesday,October,2024,11,53,10
99995,Carrum Beach,,Patterson River,29/10/2024 11:10,Tuesday,October,2024,11,10,20
99995,Carrum Beach,,Patterson River,26/11/2024 10:09,Tuesday,November,2024,10,9,74
99995,Carrum Beach,,Patterson River,3/12/2024 10:12,Tuesday,December,2024,10,12,10
99995,Carrum Beach,,Patterson River,10/12/2024 09:50,Tuesday,December,2024,9,50,1700
99995,Carrum Beach,,Patterson River,17/12/2024 09:20,Tuesday,December,2024,9,20,20
99995,Carrum Beach,,Patterson River,14/01/2025 10:45,Tuesday,January,2025,10,45,52
99995,Carrum Beach,,Patterson River,16/01/2025 10:13,Thursday,January,2025,10,13,63
99995,Carrum Beach,,Patterson River,04/02/2025 10:45,Tuesday,February,2025,10,45,20
99995,Carrum Beach,,Patterson River,11/02/2025 10:40,Tuesday,February,2025,10,40,10
99995,Carrum Beach,,Patterson River,25/02/2025 11:05,Tuesday,February,2025,11,5,31
99995,Carrum Beach,,Patterson River,04/03/2025 10:35,Tuesday,March,2025,10,35,10
99995,Carrum Beach,,Patterson River,11/03/2025 12:10,Tuesday,March,2025,12,10,10
99995,Carrum Beach,,Patterson River,25/03/2025 11:45,Tuesday,March,2025,11,45,10
99995,Carrum Beach,,Patterson River,22/04/2025 11:35,Tuesday,April,2025,11,35,10
99995,Carrum Beach,,Patterson River,06/05/2025 12:05,Tuesday,May,2025,12,5,20
99995,Carrum Beach,,Patterson River,03/06/2025 11:50,Tuesday,June,2025,11,50,10
99995,Carrum Beach,,Patterson River,17/06/2025 12:18,Tuesday,June,2025,12,18,74
99660,St Kilda Beach,,Central,03/12/2013 09:10,Tuesday,December,2013,9,10,110
99660,St Kilda Beach,,Central,10/12/2013 08:34,Tuesday,December,2013,8,34,98
99660,St Kilda Beach,,Central,02/01/2014 08:35,Thursday,January,2014,8,35,790
99660,St Kilda Beach,,Central,07/01/2014 08:05,Tuesday,January,2014,8,5,20
99660,St Kilda Beach,,Central,14/01/2014 08:05,Tuesday,January,2014,8,5,10
99660,St Kilda Beach,,Central,18/02/2014 08:39,Tuesday,February,2014,8,39,10
99660,St Kilda Beach,,Central,25/02/2014 08:43,Tuesday,February,2014,8,43,20
99660,St Kilda Beach,,Central,02/12/2014 08:40,Tuesday,December,2014,8,40,20
99660,St Kilda Beach,,Central,09/12/2014 09:10,Tuesday,December,2014,9,10,220
99660,St Kilda Beach,,Central,16/12/2014 09:20,Tuesday,December,2014,9,20,10
99660,St Kilda Beach,,Central,22/12/2014 08:15,Monday,December,2014,8,15,31
99660,St Kilda Beach,,Central,06/01/2015 08:40,Tuesday,January,2015,8,40,10
99660,St Kilda Beach,,Central,27/01/2015 08:55,Tuesday,January,2015,8,55,31
99660,St Kilda Beach,,Central,03/02/2015 09:15,Tuesday,February,2015,9,15,86
99660,St Kilda Beach,,Central,17/02/2015 09:25,Tuesday,February,2015,9,25,85
99660,St Kilda Beach,,Central,24/02/2015 09:19,Tuesday,February,2015,9,19,120
99660,St Kilda Beach,,Central,03/03/2015 09:10,Tuesday,March,2015,9,10,10
99660,St Kilda Beach,,Central,01/12/2015 08:40,Tuesday,December,2015,8,40,120
99660,St Kilda Beach,,Central,08/12/2015 08:55,Tuesday,December,2015,8,55,10
99660,St Kilda Beach,,Central,15/12/2015 08:37,Tuesday,December,2015,8,37,10
99660,St Kilda Beach,,Central,21/12/2015 08:40,Monday,December,2015,8,40,1700
99660,St Kilda Beach,,Central,29/12/2015 08:55,Tuesday,December,2015,8,55,10
99660,St Kilda Beach,,Central,05/01/2016 08:25,Tuesday,January,2016,8,25,10
99660,St Kilda Beach,,Central,12/01/2016 08:20,Tuesday,January,2016,8,20,240
99660,St Kilda Beach,,Central,19/01/2016 08:40,Tuesday,January,2016,8,40,74
99660,St Kilda Beach,,Central,27/01/2016 08:50,Wednesday,January,2016,8,50,20
99660,St Kilda Beach,,Central,02/02/2016 08:55,Tuesday,February,2016,8,55,73
99660,St Kilda Beach,,Central,09/02/2016 09:25,Tuesday,February,2016,9,25,20
99660,St Kilda Beach,,Central,16/02/2016 09:45,Tuesday,February,2016,9,45,390
99660,St Kilda Beach,,Central,06/12/2016 09:15,Tuesday,December,2016,9,15,10
99660,St Kilda Beach,,Central,20/12/2016 09:05,Tuesday,December,2016,9,5,4600
99660,St Kilda Beach,,Central,03/01/2017 08:30,Tuesday,January,2017,8,30,230
99660,St Kilda Beach,,Central,10/01/2017 08:40,Tuesday,January,2017,8,40,41
99660,St Kilda Beach,,Central,17/01/2017 09:30,Tuesday,January,2017,9,30,10
99660,St Kilda Beach,,Central,24/01/2017 09:18,Tuesday,January,2017,9,18,98
99660,St Kilda Beach,,Central,31/01/2017 09:10,Tuesday,January,2017,9,10,20
99660,St Kilda Beach,,Central,07/02/2017 09:15,Tuesday,February,2017,9,15,97
99660,St Kilda Beach,,Central,14/02/2017 09:40,Tuesday,February,2017,9,40,550
99660,St Kilda Beach,,Central,21/02/2017 09:45,Tuesday,February,2017,9,45,10
99660,St Kilda Beach,,Central,07/03/2017 09:55,Tuesday,March,2017,9,55,52
99660,St Kilda Beach,,Central,05/12/2017 08:18,Tuesday,December,2017,8,18,74
99660,St Kilda Beach,,Central,06/12/2017 06:45,Wednesday,December,2017,6,45,31
99660,St Kilda Beach,,Central,07/12/2017 06:50,Thursday,December,2017,6,50,10
99660,St Kilda Beach,,Central,14/12/2017 06:50,Thursday,December,2017,6,50,63
99660,St Kilda Beach,,Central,19/12/2017 08:20,Tuesday,December,2017,8,20,10
99660,St Kilda Beach,,Central,20/12/2017 07:00,Wednesday,December,2017,7,0,340
99660,St Kilda Beach,,Central,21/12/2017 08:15,Thursday,December,2017,8,15,1600
99660,St Kilda Beach,,Central,02/01/2018 08:19,Tuesday,January,2018,8,19,84
99660,St Kilda Beach,,Central,03/01/2018 09:15,Wednesday,January,2018,9,15,250
99660,St Kilda Beach,,Central,09/01/2018 08:25,Tuesday,January,2018,8,25,10
99660,St Kilda Beach,,Central,10/01/2018 07:30,Wednesday,January,2018,7,30,31
99660,St Kilda Beach,,Central,16/01/2018 08:21,Tuesday,January,2018,8,21,30
99660,St Kilda Beach,,Central,17/01/2018 07:45,Wednesday,January,2018,7,45,20
99660,St Kilda Beach,,Central,18/01/2018 08:55,Thursday,January,2018,8,55,20
99660,St Kilda Beach,,Central,23/01/2018 08:42,Tuesday,January,2018,8,42,97
99660,St Kilda Beach,,Central,30/01/2018 09:20,Tuesday,January,2018,9,20,7700
99660,St Kilda Beach,,Central,31/01/2018 10:05,Wednesday,January,2018,10,5,320
99660,St Kilda Beach,,Central,01/02/2018 07:40,Thursday,February,2018,7,40,210
99660,St Kilda Beach,,Central,07/02/2018 07:25,Wednesday,February,2018,7,25,120
99660,St Kilda Beach,,Central,08/02/2018 09:13,Thursday,February,2018,9,13,260
99660,St Kilda Beach,,Central,14/02/2018 09:00,Wednesday,February,2018,9,0,620
99660,St Kilda Beach,,Central,15/02/2018 10:05,Thursday,February,2018,10,5,570
99660,St Kilda Beach,,Central,20/02/2018 09:15,Tuesday,February,2018,9,15,10
99660,St Kilda Beach,,Central,21/02/2018 09:45,Wednesday,February,2018,9,45,10
99660,St Kilda Beach,,Central,22/02/2018 10:12,Thursday,February,2018,10,12,20
99660,St Kilda Beach,,Central,27/02/2018 09:30,Tuesday,February,2018,9,30,10
99660,St Kilda Beach,,Central,28/02/2018 10:05,Wednesday,February,2018,10,5,20
99660,St Kilda Beach,,Central,01/03/2018 08:50,Thursday,March,2018,8,50,1200
99660,St Kilda Beach,,Central,06/03/2018 09:15,Tuesday,March,2018,9,15,10
99660,St Kilda Beach,,Central,08/03/2018 08:05,Thursday,March,2018,8,5,31
99660,St Kilda Beach,,Central,04/12/2018 09:00,Tuesday,December,2018,9,0,86
99660,St Kilda Beach,,Central,18/12/2018 08:55,Tuesday,December,2018,8,55,1100
99660,St Kilda Beach,,Central,19/12/2018 15:15,Wednesday,December,2018,15,15,297
99660,St Kilda Beach,,Central,02/01/2019 08:15,Wednesday,January,2019,8,15,97
99660,St Kilda Beach,,Central,08/01/2019 08:30,Tuesday,January,2019,8,30,20
99660,St Kilda Beach,,Central,15/01/2019 08:35,Tuesday,January,2019,8,35,31
99660,St Kilda Beach,,Central,22/01/2019 08:50,Tuesday,January,2019,8,50,10
99660,St Kilda Beach,,Central,05/02/2019 09:10,Tuesday,February,2019,9,10,51
99660,St Kilda Beach,,Central,12/02/2019 09:15,Tuesday,February,2019,9,15,20
99660,St Kilda Beach,,Central,19/02/2019 09:50,Tuesday,February,2019,9,50,10
99660,St Kilda Beach,,Central,26/02/2019 09:40,Tuesday,February,2019,9,40,130
99660,St Kilda Beach,,Central,05/03/2019 09:05,Tuesday,March,2019,9,5,86
99660,St Kilda Beach,,Central,03/12/2019 08:55,Tuesday,December,2019,8,55,20
99660,St Kilda Beach,,Central,10/12/2019 08:35,Tuesday,December,2019,8,35,31
99660,St Kilda Beach,,Central,17/12/2019 08:15,Tuesday,December,2019,8,15,10
99660,St Kilda Beach,,Central,23/12/2019 08:15,Monday,December,2019,8,15,10
99660,St Kilda Beach,,Central,07/01/2020 08:55,Tuesday,January,2020,8,55,52
99660,St Kilda Beach,,Central,21/01/2020 09:27,Tuesday,January,2020,9,27,2100
99660,St Kilda Beach,,Central,28/01/2020 08:55,Tuesday,January,2020,8,55,20
99660,St Kilda Beach,,Central,04/02/2020 09:42,Tuesday,February,2020,9,42,74
99660,St Kilda Beach,,Central,11/02/2020 09:19,Tuesday,February,2020,9,19,98
99660,St Kilda Beach,,Central,25/02/2020 09:05,Tuesday,February,2020,9,5,200
99660,St Kilda Beach,,Central,03/03/2020 09:30,Tuesday,March,2020,9,30,62
99660,St Kilda Beach,,Central,08/12/2020 09:32,Tuesday,December,2020,9,32,860
99660,St Kilda Beach,,Central,22/12/2020 08:36,Tuesday,December,2020,8,36,4400
99660,St Kilda Beach,,Central,29/12/2020 08:20,Tuesday,December,2020,8,20,10
99660,St Kilda Beach,,Central,05/01/2021 08:45,Tuesday,January,2021,8,45,2700
99660,St Kilda Beach,,Central,12/01/2021 09:13,Tuesday,January,2021,9,13,110
99660,St Kilda Beach,,Central,19/01/2021 08:41,Tuesday,January,2021,8,41,10
99660,St Kilda Beach,,Central,27/01/2021 08:45,Wednesday,January,2021,8,45,130
99660,St Kilda Beach,,Central,02/02/2021 09:25,Tuesday,February,2021,9,25,300
99660,St Kilda Beach,,Central,09/02/2021 09:10,Tuesday,February,2021,9,10,20
99660,St Kilda Beach,,Central,23/02/2021 09:05,Tuesday,February,2021,9,5,41
99660,St Kilda Beach,,Central,02/03/2021 09:18,Tuesday,March,2021,9,18,130
99660,St Kilda Beach,,Central,07/12/2021 08:25,Tuesday,December,2021,8,25,180
99660,St Kilda Beach,,Central,14/12/2021 08:20,Tuesday,December,2021,8,20,10
99660,St Kilda Beach,,Central,21/12/2021 08:28,Tuesday,December,2021,8,28,63
99660,St Kilda Beach,,Central,04/01/2022 08:00,Tuesday,January,2022,8,0,130
99660,St Kilda Beach,,Central,11/01/2022 08:50,Tuesday,January,2022,8,50,63
99660,St Kilda Beach,,Central,18/01/2022 08:35,Tuesday,January,2022,8,35,150
99660,St Kilda Beach,,Central,01/02/2022 08:50,Tuesday,February,2022,8,50,420
99660,St Kilda Beach,,Central,08/02/2022 08:50,Tuesday,February,2022,8,50,52
99660,St Kilda Beach,,Central,15/02/2022 09:05,Tuesday,February,2022,9,5,220
99660,St Kilda Beach,,Central,22/02/2022 09:05,Tuesday,February,2022,9,5,10
99660,St Kilda Beach,,Central,01/03/2022 09:25,Tuesday,March,2022,9,25,200
99660,St Kilda Beach,,Central,08/03/2022 09:35,Tuesday,March,2022,9,35,110
99660,St Kilda Beach,,Central,20/10/2022 11:50,Thursday,October,2022,11,50,20
99660,St Kilda Beach,,Central,27/10/2022 09:22,Thursday,October,2022,9,22,160
99660,St Kilda Beach,,Central,02/11/2022 10:10,Wednesday,November,2022,10,10,200
99660,St Kilda Beach,,Central,08/11/2022 10:13,Tuesday,November,2022,10,13,10
99660,St Kilda Beach,,Central,15/11/2022 09:12,Tuesday,November,2022,9,12,1600
99660,St Kilda Beach,,Central,17/11/2022 10:20,Thursday,November,2022,10,20,250
99660,St Kilda Beach,,Central,22/11/2022 09:12,Tuesday,November,2022,9,12,450
99660,St Kilda Beach,,Central,24/11/2022 11:32,Thursday,November,2022,11,32,280
99660,St Kilda Beach,,Central,29/11/2022 09:53,Tuesday,November,2022,9,53,52
99660,St Kilda Beach,,Central,06/12/2022 09:15,Tuesday,December,2022,9,15,10
99660,St Kilda Beach,,Central,13/12/2022 09:05,Tuesday,December,2022,9,5,150
99660,St Kilda Beach,,Central,20/12/2022 09:35,Tuesday,December,2022,9,35,10
99660,St Kilda Beach,,Central,28/12/2022 09:18,Wednesday,December,2022,9,18,10
99660,St Kilda Beach,,Central,03/01/2023 08:46,Tuesday,January,2023,8,46,150
99660,St Kilda Beach,,Central,17/01/2023 09:00,Tuesday,January,2023,9,0,20
99660,St Kilda Beach,,Central,31/01/2023 09:10,Tuesday,January,2023,9,10,20
99660,St Kilda Beach,,Central,07/02/2023 08:47,Tuesday,February,2023,8,47,73
99660,St Kilda Beach,,Central,14/02/2023 09:15,Tuesday,February,2023,9,15,20
99660,St Kilda Beach,,Central,21/02/2023 11:17,Tuesday,February,2023,11,17,52
99660,St Kilda Beach,,Central,28/02/2023 13:00,Tuesday,February,2023,13,0,74
99660,St Kilda Beach,,Central,07/03/2023 10:43,Tuesday,March,2023,10,43,51
99660,St Kilda Beach,,Central,21/03/2023 10:25,Tuesday,March,2023,10,25,10
99660,St Kilda Beach,,Central,28/03/2023 11:05,Tuesday,March,2023,11,5,130
99660,St Kilda Beach,,Central,04/04/2023 10:15,Tuesday,April,2023,10,15,63
99660,St Kilda Beach,,Central,11/04/2023 09:45,Tuesday,April,2023,9,45,120
99660,St Kilda Beach,,Central,18/04/2023 09:10,Tuesday,April,2023,9,10,51
99660,St Kilda Beach,,Central,16/05/2023 10:00,Tuesday,May,2023,10,0,1900
99660,St Kilda Beach,,Central,05/06/2023 10:25,Monday,June,2023,10,25,63
99660,St Kilda Beach,,Central,20/06/2023 10:45,Tuesday,June,2023,10,45,550
99660,St Kilda Beach,,Central,11/07/2023 10:35,Tuesday,July,2023,10,35,10
99660,St Kilda Beach,,Central,05/09/2023 10:05,Tuesday,September,2023,10,5,41
99660,St Kilda Beach,,Central,05/09/2023 10:20,Tuesday,September,2023,10,20,110
99660,St Kilda Beach,,Central,19/09/2023 09:29,Tuesday,September,2023,9,29,30
99660,St Kilda Beach,,Central,17/10/2023 10:10,Tuesday,October,2023,10,10,330
99660,St Kilda Beach,,Central,31/10/2023 18:20,Tuesday,October,2023,18,20,31
99660,St Kilda Beach,,Central,14/11/2023 09:42,Tuesday,November,2023,9,42,130
99660,St Kilda Beach,,Central,28/11/2023 09:00,Tuesday,November,2023,9,0,110
99660,St Kilda Beach,,Central,05/12/2023 08:25,Tuesday,December,2023,8,25,97
99660,St Kilda Beach,,Central,12/12/2023 09:20,Tuesday,December,2023,9,20,41
99660,St Kilda Beach,,Central,19/12/2023 08:30,Tuesday,December,2023,8,30,2000
99660,St Kilda Beach,,Central,20/12/2023 00:00,Wednesday,December,2023,0,0,190
99660,St Kilda Beach,,Central,27/12/2023 08:15,Wednesday,December,2023,8,15,260
99660,St Kilda Beach,,Central,02/01/2024 08:15,Tuesday,January,2024,8,15,10
99660,St Kilda Beach,,Central,09/01/2024 08:55,Tuesday,January,2024,8,55,880
99660,St Kilda Beach,,Central,16/01/2024 09:15,Tuesday,January,2024,9,15,31
99660,St Kilda Beach,,Central,30/01/2024 09:20,Tuesday,January,2024,9,20,85
99660,St Kilda Beach,,Central,13/02/2024 08:55,Tuesday,February,2024,8,55,20
99660,St Kilda Beach,,Central,19/03/2024 10:00,Tuesday,March,2024,10,0,41
99660,St Kilda Beach,,Central,02/04/2024 10:15,Tuesday,April,2024,10,15,3400
99660,St Kilda Beach,,Central,17/04/2024 09:46,Wednesday,April,2024,9,46,10
99660,St Kilda Beach,,Central,30/04/2024 09:20,Tuesday,April,2024,9,20,41
99660,St Kilda Beach,,Central,14/05/2024 10:47,Tuesday,May,2024,10,47,300
99660,St Kilda Beach,,Central,15/05/2024 00:00:00,Wednesday,May,2024,0,0,120
99660,St Kilda Beach,,Central,09/07/2024 11:00,Tuesday,July,2024,11,0,2600
99660,St Kilda Beach,,Central,23/07/2024 10:15,Tuesday,July,2024,10,15,31
99660,St Kilda Beach,,Central,03/09/2024 09:35,Tuesday,September,2024,9,35,1100
99660,St Kilda Beach,,Central,17/09/2024 10:40,Tuesday,September,2024,10,40,10
99660,St Kilda Beach,,Central,01/10/2024 08:55,Tuesday,October,2024,8,55,20
99660,St Kilda Beach,,Central,29/10/2024 09:16,Tuesday,October,2024,9,16,10
99660,St Kilda Beach,,Central,26/11/2024 09:25,Tuesday,November,2024,9,25,520
99660,St Kilda Beach,,Central,03/12/2024 08:45,Tuesday,December,2024,8,45,31
99660,St Kilda Beach,,Central,10/12/2024 09:15,Tuesday,December,2024,9,15,41
99660,St Kilda Beach,,Central,17/12/2024 08:20,Tuesday,December,2024,8,20,660
99660,St Kilda Beach,,Central,02/01/2025 09:20,Thursday,January,2025,9,20,120
99660,St Kilda Beach,,Central,07/01/2025 08:40,Tuesday,January,2025,8,40,150
99660,St Kilda Beach,,Central,14/01/2025 08:25,Tuesday,January,2025,8,25,270
99660,St Kilda Beach,,Central,16/01/2025 08:25,Thursday,January,2025,8,25,730
99660,St Kilda Beach,,Central,17/01/2025 11:37,Friday,January,2025,11,37,290
99660,St Kilda Beach,,Central,21/01/2025 07:39,Tuesday,January,2025,7,39,470
99660,St Kilda Beach,,Central,22/01/2025 12:00,Wednesday,January,2025,12,0,135
99660,St Kilda Beach,,Central,23/01/2025 14:15,Thursday,January,2025,14,15,287
99660,St Kilda Beach,,Central,28/01/2025 08:45,Tuesday,January,2025,8,45,97
99660,St Kilda Beach,,Central,04/02/2025 09:05,Tuesday,February,2025,9,5,130
99660,St Kilda Beach,,Central,11/02/2025 09:00,Tuesday,February,2025,9,0,10
99660,St Kilda Beach,,Central,18/02/2025 08:45,Tuesday,February,2025,8,45,20
99660,St Kilda Beach,,Central,25/02/2025 08:45,Tuesday,February,2025,8,45,74
99660,St Kilda Beach,,Central,04/03/2025 09:30,Tuesday,March,2025,9,30,10
99660,St Kilda Beach,,Central,11/03/2025 09:40,Tuesday,March,2025,9,40,20
99660,St Kilda Beach,,Central,25/03/2025 09:25,Tuesday,March,2025,9,25,220
99660,St Kilda Beach,,Central,26/03/2025 13:30,Wednesday,March,2025,13,30,53
99660,St Kilda Beach,,Central,08/04/2025 09:35,Tuesday,April,2025,9,35,20
99660,St Kilda Beach,,Central,22/04/2025 10:20,Tuesday,April,2025,10,20,120
99660,St Kilda Beach,,Central,03/06/2025 09:55,Tuesday,June,2025,9,55,660
99660,St Kilda Beach,,Central,17/06/2025 10:40,Tuesday,June,2025,10,40,20
99020,Port Melbourne Beach,,Port Melbourne,03/12/2013 09:46,Tuesday,December,2013,9,46,10
99020,Port Melbourne Beach,,Port Melbourne,10/12/2013 09:03,Tuesday,December,2013,9,3,74
99020,Port Melbourne Beach,,Port Melbourne,17/12/2013 09:10,Tuesday,December,2013,9,10,10
99020,Port Melbourne Beach,,Port Melbourne,26/12/2013 08:45,Thursday,December,2013,8,45,41
99020,Port Melbourne Beach,,Port Melbourne,02/01/2014 09:01,Thursday,January,2014,9,1,20
99020,Port Melbourne Beach,,Port Melbourne,07/01/2014 08:37,Tuesday,January,2014,8,37,63
99020,Port Melbourne Beach,,Port Melbourne,21/01/2014 08:56,Tuesday,January,2014,8,56,10
99020,Port Melbourne Beach,,Port Melbourne,04/02/2014 08:58,Tuesday,February,2014,8,58,30
99020,Port Melbourne Beach,,Port Melbourne,02/12/2014 09:20,Tuesday,December,2014,9,20,20
99020,Port Melbourne Beach,,Port Melbourne,09/12/2014 09:55,Tuesday,December,2014,9,55,31
99020,Port Melbourne Beach,,Port Melbourne,22/12/2014 08:40,Monday,December,2014,8,40,85
99020,Port Melbourne Beach,,Port Melbourne,29/12/2014 08:20,Monday,December,2014,8,20,20
99020,Port Melbourne Beach,,Port Melbourne,06/01/2015 09:15,Tuesday,January,2015,9,15,20
99020,Port Melbourne Beach,,Port Melbourne,17/02/2015 09:55,Tuesday,February,2015,9,55,200
99020,Port Melbourne Beach,,Port Melbourne,24/02/2015 09:49,Tuesday,February,2015,9,49,130
99020,Port Melbourne Beach,,Port Melbourne,03/03/2015 09:30,Tuesday,March,2015,9,30,10
99020,Port Melbourne Beach,,Port Melbourne,15/12/2015 09:07,Tuesday,December,2015,9,7,20
99020,Port Melbourne Beach,,Port Melbourne,21/12/2015 09:10,Monday,December,2015,9,10,1700
99020,Port Melbourne Beach,,Port Melbourne,29/12/2015 09:35,Tuesday,December,2015,9,35,30
99020,Port Melbourne Beach,,Port Melbourne,12/01/2016 08:45,Tuesday,January,2016,8,45,31
99020,Port Melbourne Beach,,Port Melbourne,19/01/2016 09:15,Tuesday,January,2016,9,15,10
99020,Port Melbourne Beach,,Port Melbourne,27/01/2016 09:20,Wednesday,January,2016,9,20,10
99020,Port Melbourne Beach,,Port Melbourne,02/02/2016 09:20,Tuesday,February,2016,9,20,10
99020,Port Melbourne Beach,,Port Melbourne,09/02/2016 09:55,Tuesday,February,2016,9,55,41
99020,Port Melbourne Beach,,Port Melbourne,16/02/2016 10:15,Tuesday,February,2016,10,15,1600
99020,Port Melbourne Beach,,Port Melbourne,23/02/2016 10:00,Tuesday,February,2016,10,0,10
99020,Port Melbourne Beach,,Port Melbourne,06/12/2016 09:40,Tuesday,December,2016,9,40,10
99020,Port Melbourne Beach,,Port Melbourne,13/12/2016 09:55,Tuesday,December,2016,9,55,10
99020,Port Melbourne Beach,,Port Melbourne,20/12/2016 09:30,Tuesday,December,2016,9,30,52
99020,Port Melbourne Beach,,Port Melbourne,28/12/2016 09:05,Wednesday,December,2016,9,5,10
99020,Port Melbourne Beach,,Port Melbourne,03/01/2017 08:55,Tuesday,January,2017,8,55,640
99020,Port Melbourne Beach,,Port Melbourne,10/01/2017 09:05,Tuesday,January,2017,9,5,62
99020,Port Melbourne Beach,,Port Melbourne,24/01/2017 09:53,Tuesday,January,2017,9,53,550
99020,Port Melbourne Beach,,Port Melbourne,07/02/2017 09:50,Tuesday,February,2017,9,50,51
99020,Port Melbourne Beach,,Port Melbourne,14/02/2017 10:20,Tuesday,February,2017,10,20,62
99020,Port Melbourne Beach,,Port Melbourne,05/12/2017 09:11,Tuesday,December,2017,9,11,370
99020,Port Melbourne Beach,,Port Melbourne,06/12/2017 07:15,Wednesday,December,2017,7,15,20
99020,Port Melbourne Beach,,Port Melbourne,07/12/2017 07:15,Thursday,December,2017,7,15,63
99020,Port Melbourne Beach,,Port Melbourne,12/12/2017 09:35,Tuesday,December,2017,9,35,20
99020,Port Melbourne Beach,,Port Melbourne,13/12/2017 07:10,Wednesday,December,2017,7,10,10
99020,Port Melbourne Beach,,Port Melbourne,14/12/2017 07:15,Thursday,December,2017,7,15,31
99020,Port Melbourne Beach,,Port Melbourne,19/12/2017 08:50,Tuesday,December,2017,8,50,52
99020,Port Melbourne Beach,,Port Melbourne,20/12/2017 07:40,Wednesday,December,2017,7,40,660
99020,Port Melbourne Beach,,Port Melbourne,21/12/2017 08:40,Thursday,December,2017,8,40,350
99020,Port Melbourne Beach,,Port Melbourne,27/12/2017 08:41,Wednesday,December,2017,8,41,31
99020,Port Melbourne Beach,,Port Melbourne,02/01/2018 08:43,Tuesday,January,2018,8,43,63
99020,Port Melbourne Beach,,Port Melbourne,03/01/2018 09:45,Wednesday,January,2018,9,45,84
99020,Port Melbourne Beach,,Port Melbourne,04/01/2018 09:10,Thursday,January,2018,9,10,10
99020,Port Melbourne Beach,,Port Melbourne,09/01/2018 09:05,Tuesday,January,2018,9,5,20
99020,Port Melbourne Beach,,Port Melbourne,10/01/2018 07:55,Wednesday,January,2018,7,55,73
99020,Port Melbourne Beach,,Port Melbourne,16/01/2018 08:45,Tuesday,January,2018,8,45,41
99020,Port Melbourne Beach,,Port Melbourne,17/01/2018 08:15,Wednesday,January,2018,8,15,31
99020,Port Melbourne Beach,,Port Melbourne,23/01/2018 09:06,Tuesday,January,2018,9,6,20
99020,Port Melbourne Beach,,Port Melbourne,24/01/2018 10:00,Wednesday,January,2018,10,0,31
99020,Port Melbourne Beach,,Port Melbourne,30/01/2018 09:50,Tuesday,January,2018,9,50,2900
99020,Port Melbourne Beach,,Port Melbourne,31/01/2018 10:55,Wednesday,January,2018,10,55,430
99020,Port Melbourne Beach,,Port Melbourne,01/02/2018 08:08,Thursday,February,2018,8,8,130
99020,Port Melbourne Beach,,Port Melbourne,06/02/2018 10:04,Tuesday,February,2018,10,4,10
99020,Port Melbourne Beach,,Port Melbourne,07/02/2018 08:00,Wednesday,February,2018,8,0,72
99020,Port Melbourne Beach,,Port Melbourne,08/02/2018 09:43,Thursday,February,2018,9,43,860
99020,Port Melbourne Beach,,Port Melbourne,13/02/2018 09:55,Tuesday,February,2018,9,55,20
99020,Port Melbourne Beach,,Port Melbourne,14/02/2018 09:30,Wednesday,February,2018,9,30,74
99020,Port Melbourne Beach,,Port Melbourne,20/02/2018 09:45,Tuesday,February,2018,9,45,52
99020,Port Melbourne Beach,,Port Melbourne,21/02/2018 10:10,Wednesday,February,2018,10,10,10
99020,Port Melbourne Beach,,Port Melbourne,22/02/2018 10:37,Thursday,February,2018,10,37,20
99020,Port Melbourne Beach,,Port Melbourne,28/02/2018 10:30,Wednesday,February,2018,10,30,10
99020,Port Melbourne Beach,,Port Melbourne,01/03/2018 09:10,Thursday,March,2018,9,10,160
99020,Port Melbourne Beach,,Port Melbourne,06/03/2018 09:42,Tuesday,March,2018,9,42,10
99020,Port Melbourne Beach,,Port Melbourne,07/03/2018 10:15,Wednesday,March,2018,10,15,10
99020,Port Melbourne Beach,,Port Melbourne,08/03/2018 08:25,Thursday,March,2018,8,25,41
99020,Port Melbourne Beach,,Port Melbourne,04/12/2018 09:33,Tuesday,December,2018,9,33,52
99020,Port Melbourne Beach,,Port Melbourne,08/01/2019 08:55,Tuesday,January,2019,8,55,10
99020,Port Melbourne Beach,,Port Melbourne,15/01/2019 09:05,Tuesday,January,2019,9,5,10
99020,Port Melbourne Beach,,Port Melbourne,22/01/2019 09:15,Tuesday,January,2019,9,15,20
99020,Port Melbourne Beach,,Port Melbourne,12/02/2019 09:40,Tuesday,February,2019,9,40,41
99020,Port Melbourne Beach,,Port Melbourne,26/02/2019 10:05,Tuesday,February,2019,10,5,120
99020,Port Melbourne Beach,,Port Melbourne,05/03/2019 09:40,Tuesday,March,2019,9,40,20
99020,Port Melbourne Beach,,Port Melbourne,03/12/2019 09:30,Tuesday,December,2019,9,30,52
99020,Port Melbourne Beach,,Port Melbourne,10/12/2019 09:00,Tuesday,December,2019,9,0,10
99020,Port Melbourne Beach,,Port Melbourne,30/12/2019 08:10,Monday,December,2019,8,10,130
99020,Port Melbourne Beach,,Port Melbourne,07/01/2020 09:17,Tuesday,January,2020,9,17,41
99020,Port Melbourne Beach,,Port Melbourne,14/01/2020 09:40,Tuesday,January,2020,9,40,52
99020,Port Melbourne Beach,,Port Melbourne,21/01/2020 10:02,Tuesday,January,2020,10,2,780
99020,Port Melbourne Beach,,Port Melbourne,04/02/2020 10:05,Tuesday,February,2020,10,5,73
99020,Port Melbourne Beach,,Port Melbourne,11/02/2020 09:43,Tuesday,February,2020,9,43,20
99020,Port Melbourne Beach,,Port Melbourne,18/02/2020 09:30,Tuesday,February,2020,9,30,41
99020,Port Melbourne Beach,,Port Melbourne,25/02/2020 09:30,Tuesday,February,2020,9,30,86
99020,Port Melbourne Beach,,Port Melbourne,03/03/2020 09:54,Tuesday,March,2020,9,54,30
99020,Port Melbourne Beach,,Port Melbourne,01/12/2020 09:16,Tuesday,December,2020,9,16,31
99020,Port Melbourne Beach,,Port Melbourne,08/12/2020 10:13,Tuesday,December,2020,10,13,670
99020,Port Melbourne Beach,,Port Melbourne,22/12/2020 09:02,Tuesday,December,2020,9,2,2100
99020,Port Melbourne Beach,,Port Melbourne,29/12/2020 08:45,Tuesday,December,2020,8,45,10
99020,Port Melbourne Beach,,Port Melbourne,05/01/2021 09:10,Tuesday,January,2021,9,10,1400
99020,Port Melbourne Beach,,Port Melbourne,12/01/2021 09:42,Tuesday,January,2021,9,42,20
99020,Port Melbourne Beach,,Port Melbourne,27/01/2021 09:10,Wednesday,January,2021,9,10,680
99020,Port Melbourne Beach,,Port Melbourne,02/02/2021 09:50,Tuesday,February,2021,9,50,31
99020,Port Melbourne Beach,,Port Melbourne,09/02/2021 09:31,Tuesday,February,2021,9,31,10
99020,Port Melbourne Beach,,Port Melbourne,23/02/2021 09:30,Tuesday,February,2021,9,30,720
99020,Port Melbourne Beach,,Port Melbourne,02/03/2021 09:43,Tuesday,March,2021,9,43,20
99020,Port Melbourne Beach,,Port Melbourne,07/12/2021 09:00,Tuesday,December,2021,9,0,52
99020,Port Melbourne Beach,,Port Melbourne,21/12/2021 09:08,Tuesday,December,2021,9,8,10
99020,Port Melbourne Beach,,Port Melbourne,29/12/2021 09:00,Wednesday,December,2021,9,0,10
99020,Port Melbourne Beach,,Port Melbourne,11/01/2022 09:20,Tuesday,January,2022,9,20,340
99020,Port Melbourne Beach,,Port Melbourne,18/01/2022 09:05,Tuesday,January,2022,9,5,63
99020,Port Melbourne Beach,,Port Melbourne,24/01/2022 09:15,Monday,January,2022,9,15,10
99020,Port Melbourne Beach,,Port Melbourne,01/02/2022 09:20,Tuesday,February,2022,9,20,130
99020,Port Melbourne Beach,,Port Melbourne,15/02/2022 09:35,Tuesday,February,2022,9,35,10
99020,Port Melbourne Beach,,Port Melbourne,22/02/2022 09:35,Tuesday,February,2022,9,35,20
99020,Port Melbourne Beach,,Port Melbourne,01/03/2022 09:55,Tuesday,March,2022,9,55,20
99020,Port Melbourne Beach,,Port Melbourne,08/03/2022 10:00,Tuesday,March,2022,10,0,63
99020,Port Melbourne Beach,,Port Melbourne,19/10/2022 14:20,Wednesday,October,2022,14,20,150
99020,Port Melbourne Beach,,Port Melbourne,27/10/2022 09:47,Thursday,October,2022,9,47,20
99020,Port Melbourne Beach,,Port Melbourne,02/11/2022 10:45,Wednesday,November,2022,10,45,200
99020,Port Melbourne Beach,,Port Melbourne,15/11/2022 09:30,Tuesday,November,2022,9,30,1700
99020,Port Melbourne Beach,,Port Melbourne,17/11/2022 10:50,Thursday,November,2022,10,50,200
99020,Port Melbourne Beach,,Port Melbourne,22/11/2022 09:35,Tuesday,November,2022,9,35,440
99020,Port Melbourne Beach,,Port Melbourne,24/11/2022 11:02,Thursday,November,2022,11,2,52
99020,Port Melbourne Beach,,Port Melbourne,29/11/2022 10:28,Tuesday,November,2022,10,28,31
99020,Port Melbourne Beach,,Port Melbourne,01/12/2022 11:35,Thursday,December,2022,11,35,10
99020,Port Melbourne Beach,,Port Melbourne,06/12/2022 09:40,Tuesday,December,2022,9,40,52
99020,Port Melbourne Beach,,Port Melbourne,13/12/2022 09:35,Tuesday,December,2022,9,35,52
99020,Port Melbourne Beach,,Port Melbourne,28/12/2022 09:47,Wednesday,December,2022,9,47,86
99020,Port Melbourne Beach,,Port Melbourne,03/01/2023 09:36,Tuesday,January,2023,9,36,96
99020,Port Melbourne Beach,,Port Melbourne,10/01/2023 09:19,Tuesday,January,2023,9,19,20
99020,Port Melbourne Beach,,Port Melbourne,24/01/2023 09:50,Tuesday,January,2023,9,50,10
99020,Port Melbourne Beach,,Port Melbourne,31/01/2023 09:34,Tuesday,January,2023,9,34,280
99020,Port Melbourne Beach,,Port Melbourne,01/02/2023 00:00,Wednesday,February,2023,0,0,946
99020,Port Melbourne Beach,,Port Melbourne,05/02/2023 10:15,Sunday,February,2023,10,15,20
99020,Port Melbourne Beach,,Port Melbourne,07/02/2023 09:42,Tuesday,February,2023,9,42,30
99020,Port Melbourne Beach,,Port Melbourne,14/02/2023 09:46,Tuesday,February,2023,9,46,20
99020,Port Melbourne Beach,,Port Melbourne,21/02/2023 11:40,Tuesday,February,2023,11,40,10
99020,Port Melbourne Beach,,Port Melbourne,28/02/2023 13:30,Tuesday,February,2023,13,30,20
99020,Port Melbourne Beach,,Port Melbourne,07/03/2023 11:11,Tuesday,March,2023,11,11,41
99020,Port Melbourne Beach,,Port Melbourne,28/03/2023 11:37,Tuesday,March,2023,11,37,17000
99020,Port Melbourne Beach,,Port Melbourne,11/04/2023 10:20,Tuesday,April,2023,10,20,1800
99020,Port Melbourne Beach,,Port Melbourne,18/04/2023 09:40,Tuesday,April,2023,9,40,10
99020,Port Melbourne Beach,,Port Melbourne,16/05/2023 10:30,Tuesday,May,2023,10,30,290
99020,Port Melbourne Beach,,Port Melbourne,23/05/2023 10:10,Tuesday,May,2023,10,10,10
99020,Port Melbourne Beach,,Port Melbourne,05/06/2023 15:50,Monday,June,2023,15,50,10
99020,Port Melbourne Beach,,Port Melbourne,13/06/2023 11:00,Tuesday,June,2023,11,0,10
99020,Port Melbourne Beach,,Port Melbourne,20/06/2023 11:15,Tuesday,June,2023,11,15,730
99020,Port Melbourne Beach,,Port Melbourne,27/06/2023 11:00,Tuesday,June,2023,11,0,98
99020,Port Melbourne Beach,,Port Melbourne,25/07/2023 10:45,Tuesday,July,2023,10,45,10
99020,Port Melbourne Beach,,Port Melbourne,08/08/2023 12:05,Tuesday,August,2023,12,5,20
99020,Port Melbourne Beach,,Port Melbourne,22/08/2023 10:55,Tuesday,August,2023,10,55,20
99020,Port Melbourne Beach,,Port Melbourne,05/09/2023 10:40,Tuesday,September,2023,10,40,41
99020,Port Melbourne Beach,,Port Melbourne,05/09/2023 10:55,Tuesday,September,2023,10,55,220
99020,Port Melbourne Beach,,Port Melbourne,19/09/2023 09:58,Tuesday,September,2023,9,58,20
99020,Port Melbourne Beach,,Port Melbourne,02/10/2023 10:30,Monday,October,2023,10,30,2900
99020,Port Melbourne Beach,,Port Melbourne,17/10/2023 10:45,Tuesday,October,2023,10,45,120
99020,Port Melbourne Beach,,Port Melbourne,31/10/2023 19:16,Tuesday,October,2023,19,16,170
99020,Port Melbourne Beach,,Port Melbourne,28/11/2023 09:30,Tuesday,November,2023,9,30,120
99020,Port Melbourne Beach,,Port Melbourne,05/12/2023 09:00,Tuesday,December,2023,9,0,31
99020,Port Melbourne Beach,,Port Melbourne,12/12/2023 09:45,Tuesday,December,2023,9,45,97
99020,Port Melbourne Beach,,Port Melbourne,19/12/2023 09:00,Tuesday,December,2023,9,0,630
99020,Port Melbourne Beach,,Port Melbourne,27/12/2023 08:45,Wednesday,December,2023,8,45,2200
99020,Port Melbourne Beach,,Port Melbourne,28/12/2023 13:21,Thursday,December,2023,13,21,37
99020,Port Melbourne Beach,,Port Melbourne,02/01/2024 08:45,Tuesday,January,2024,8,45,10
99020,Port Melbourne Beach,,Port Melbourne,09/01/2024 09:30,Tuesday,January,2024,9,30,4400
99020,Port Melbourne Beach,,Port Melbourne,10/01/2024 12:00,Wednesday,January,2024,12,0,613
99020,Port Melbourne Beach,,Port Melbourne,11/01/2024 13:54,Thursday,January,2024,13,54,340
99020,Port Melbourne Beach,,Port Melbourne,12/01/2024 00:00,Friday,January,2024,0,0,27
99020,Port Melbourne Beach,,Port Melbourne,16/01/2024 09:55,Tuesday,January,2024,9,55,10
99020,Port Melbourne Beach,,Port Melbourne,19/01/2024 00:00,Friday,January,2024,0,0,98
99020,Port Melbourne Beach,,Port Melbourne,23/01/2024 09:40,Tuesday,January,2024,9,40,20
99020,Port Melbourne Beach,,Port Melbourne,30/01/2024 09:50,Tuesday,January,2024,9,50,10
99020,Port Melbourne Beach,,Port Melbourne,06/02/2024 09:40,Tuesday,February,2024,9,40,10
99020,Port Melbourne Beach,,Port Melbourne,05/03/2024 09:55,Tuesday,March,2024,9,55,20
99020,Port Melbourne Beach,,Port Melbourne,19/03/2024 10:30,Tuesday,March,2024,10,30,20
99020,Port Melbourne Beach,,Port Melbourne,02/04/2024 10:45,Tuesday,April,2024,10,45,4900
99020,Port Melbourne Beach,,Port Melbourne,17/04/2024 10:23,Wednesday,April,2024,10,23,10
99020,Port Melbourne Beach,,Port Melbourne,30/04/2024 09:55,Tuesday,April,2024,9,55,31
99020,Port Melbourne Beach,,Port Melbourne,14/05/2024 11:20,Tuesday,May,2024,11,20,30
99020,Port Melbourne Beach,,Port Melbourne,11/06/2024 11:10,Tuesday,June,2024,11,10,10
99020,Port Melbourne Beach,,Port Melbourne,09/07/2024 11:40,Tuesday,July,2024,11,40,1900
99020,Port Melbourne Beach,,Port Melbourne,06/08/2024 10:35,Tuesday,August,2024,10,35,31
99020,Port Melbourne Beach,,Port Melbourne,20/08/2024 10:45,Tuesday,August,2024,10,45,10
99020,Port Melbourne Beach,,Port Melbourne,03/09/2024 10:05,Tuesday,September,2024,10,5,120
99020,Port Melbourne Beach,,Port Melbourne,17/09/2024 11:20,Tuesday,September,2024,11,20,86
99020,Port Melbourne Beach,,Port Melbourne,01/10/2024 09:35,Tuesday,October,2024,9,35,10
99020,Port Melbourne Beach,,Port Melbourne,15/10/2024 10:15,Tuesday,October,2024,10,15,10
99020,Port Melbourne Beach,,Port Melbourne,26/11/2024 10:00,Tuesday,November,2024,10,0,190
99020,Port Melbourne Beach,,Port Melbourne,03/12/2024 09:30,Tuesday,December,2024,9,30,20
99020,Port Melbourne Beach,,Port Melbourne,10/12/2024 09:50,Tuesday,December,2024,9,50,10
99020,Port Melbourne Beach,,Port Melbourne,17/12/2024 08:50,Tuesday,December,2024,8,50,62
99020,Port Melbourne Beach,,Port Melbourne,02/01/2025 09:50,Thursday,January,2025,9,50,31
99020,Port Melbourne Beach,,Port Melbourne,07/01/2025 09:15,Tuesday,January,2025,9,15,85
99020,Port Melbourne Beach,,Port Melbourne,14/01/2025 08:50,Tuesday,January,2025,8,50,170
99020,Port Melbourne Beach,,Port Melbourne,16/01/2025 08:50,Thursday,January,2025,8,50,120
99020,Port Melbourne Beach,,Port Melbourne,21/01/2025 08:02,Tuesday,January,2025,8,2,280
99020,Port Melbourne Beach,,Port Melbourne,22/01/2025 11:25,Wednesday,January,2025,11,25,249
99020,Port Melbourne Beach,,Port Melbourne,23/01/2025 13:30,Thursday,January,2025,13,30,13
99020,Port Melbourne Beach,,Port Melbourne,28/01/2025 09:15,Tuesday,January,2025,9,15,10
99020,Port Melbourne Beach,,Port Melbourne,04/02/2025 09:35,Tuesday,February,2025,9,35,86
99020,Port Melbourne Beach,,Port Melbourne,18/02/2025 09:10,Tuesday,February,2025,9,10,10
99020,Port Melbourne Beach,,Port Melbourne,25/02/2025 09:10,Tuesday,February,2025,9,10,20
99020,Port Melbourne Beach,,Port Melbourne,04/03/2025 10:00,Tuesday,March,2025,10,0,10
99020,Port Melbourne Beach,,Port Melbourne,11/03/2025 10:10,Tuesday,March,2025,10,10,86
99020,Port Melbourne Beach,,Port Melbourne,22/04/2025 10:45,Tuesday,April,2025,10,45,120
99020,Port Melbourne Beach,,Port Melbourne,03/06/2025 10:25,Tuesday,June,2025,10,25,97
99020,Port Melbourne Beach,,Port Melbourne,17/06/2025 11:10,Tuesday,June,2025,11,10,260
